0,0.9998536109924316,6.86264603087447e-14,0.000146304679219611,4.718392432323526e-08
0,0.9999855756759644,4.4165425440098605e-13,1.4115314115770161e-05,2.651671593412175e-07
0,0.9999890327453613,7.125044640659411e-15,1.089631041395478e-05,3.215565769210116e-08
0,0.9998675584793091,1.6986080028091335e-15,0.00013237517850939184,4.660540842138516e-09
0,0.999951958656311,2.9789034737201514e-13,4.771656676894054e-05,2.678313819615141e-07
0,0.9995763897895813,1.3045753442363778e-13,0.00042324562673456967,3.5958805710833985e-07
0,0.999970555305481,1.7098762726888705e-13,2.934361509687733e-05,4.930510755229989e-08
0,0.9925231337547302,2.483893646321178e-10,0.007422931957989931,5.395533662522212e-05
0,0.9999347925186157,2.6136556027095414e-12,6.460565782617778e-05,5.97803818891407e-07
0,0.9745892286300659,2.6289331822582085e-11,0.0253993459045887,1.1445946256571915e-05
0,0.9999551773071289,7.076290694764875e-15,4.479699055082165e-05,1.41284663968122e-08
0,0.9315813779830933,2.5340732179301995e-08,0.057856716215610504,0.010561948642134666
0,0.012280629947781563,0.00053895462770015,0.14637820422649384,0.8408021926879883
0,0.663654625415802,6.809779407035421e-09,0.32506635785102844,0.01127898134291172
0,0.8767958879470825,1.5972874223280087e-07,0.06429702043533325,0.0589069165289402
0,0.9999276399612427,5.637121845702975e-12,7.228107278933749e-05,7.949859792688585e-08
0,0.9999957084655762,4.00599553529446e-11,3.2852567528607324e-06,1.0161646741835284e-06
0,0.9999504089355469,1.3240372340184159e-11,4.910949064651504e-05,4.388434717839118e-07
0,0.9876263737678528,8.187879707577395e-09,0.010056711733341217,0.0023168628104031086
0,0.9341530799865723,5.6417807314801394e-08,0.03298698738217354,0.03285982832312584
0,0.9071815609931946,1.1778870323553292e-08,0.08452420681715012,0.00829421915113926
0,1.0,4.220245680697232e-12,2.1386217241570193e-09,1.4659915059667128e-08
0,0.9999467134475708,5.4467410128596766e-14,5.312028952175751e-05,1.9142568419283634e-07
0,0.9998739957809448,6.893840498456427e-10,2.8910670152981766e-05,9.702466195449233e-05
0,0.9964723587036133,1.085585044080517e-08,0.0033882090356200933,0.0001394701102981344
0,0.9999477863311768,2.0853356544271902e-14,5.218185106059536e-05,1.9529387884631433e-08
0,0.9999936819076538,1.7014571717689775e-13,6.30860904493602e-06,6.802815732953604e-08
0,1.0,4.983687751760127e-16,6.334998910389162e-20,2.3786204553976694e-21
0,0.9999994039535522,7.533265677928114e-11,5.70992391146774e-08,5.151517825652263e-07
0,1.0,1.4209504968200554e-15,4.3632879045725766e-20,7.061000309066609e-21
0,1.0,3.9933205667978117e-14,2.4967464099345427e-17,4.335470311710907e-17
0,1.0,3.775040345696968e-15,2.574320483114562e-18,4.575847343357592e-19
0,1.0,1.0453552562909521e-16,2.371925543094175e-20,4.0896836998038844e-20
0,0.9140907526016235,9.1834179150041e-10,0.08545021712779999,0.0004590761964209378
0,0.9999992847442627,3.399653819380024e-16,6.707718398502038e-07,1.1084396733807012e-09
0,1.0,2.6605967253022327e-14,1.5788939189076627e-18,2.4061850634700428e-18
0,0.9985359907150269,6.33894846335803e-13,0.001463936292566359,3.295587802654154e-08
0,1.0,2.665596150926153e-13,1.7233083848822162e-09,1.463800055560155e-13
0,0.9999645948410034,4.900614487238393e-14,3.535160067258403e-05,3.9824605418958825e-11
0,0.9999517202377319,2.191691313570103e-14,4.828219971386716e-05,4.1051190224905554e-11
0,0.9999983310699463,3.5115732885523596e-14,1.6133202507262467e-06,5.441490357263601e-13
0,0.9999991655349731,6.572540363521118e-13,8.85293729879777e-07,1.465789642440818e-11
0,1.0,4.798123347095901e-17,3.788268882750712e-15,3.3498621775081106e-23
0,0.9999595880508423,2.2330997050427556e-14,4.0468064980814233e-05,2.6512028683534083e-11
0,0.9999994039535522,1.6142865717121493e-14,5.862623879693274e-07,7.107069923892317e-14
0,0.9999998807907104,5.574358236594033e-16,1.6938118108100753e-07,9.59481399090108e-15
0,0.9999958276748657,3.02494167951986e-14,4.2309397940698545e-06,4.731247078143541e-12
0,0.9999384880065918,2.0924410750085276e-13,6.143410428194329e-05,7.742122676290819e-08
0,0.9999486207962036,3.446322545917757e-13,5.131310535944067e-05,1.0995200483421286e-07
0,0.9999879598617554,1.3680997307252696e-11,1.1786730283347424e-05,2.0130813993546326e-07
0,1.0,1.153346923671848e-18,8.370986681605075e-10,5.251400062762938e-19
0,0.9999858140945435,5.861688218145034e-11,1.3796070561511442e-05,3.5728871239371074e-07
0,1.0,2.3420517239863058e-17,2.67673272436042e-10,4.370870436603303e-19
0,1.0,5.964156035362378e-13,4.586801316368294e-13,6.238714570100106e-19
0,1.0,2.458036673372776e-18,4.715793866516549e-10,2.597837486423386e-19
0,1.0,2.5981854709673294e-18,4.822260368797515e-10,2.816356632274875e-19
0,1.0,1.0979541759006516e-15,1.3774747943846866e-14,4.9799095104466785e-22
0,1.0,2.0794415870788136e-19,3.240633243525931e-17,1.0184114167717576e-26
0,1.0,2.168405023517605e-20,9.742488977464672e-23,2.1418052207487272e-32
0,1.0,7.736262901334451e-20,1.206398074709754e-19,1.8353924290914226e-29
0,1.0,9.412728589606425e-20,3.735992578986147e-20,2.066981743322065e-30
0,1.0,3.1686520150559e-20,7.190075876080533e-23,6.525313139472494e-33
0,1.0,5.038556232174744e-21,4.001632856622204e-32,0.0
0,1.0,1.1973111079399469e-19,2.7363003649235016e-23,7.845609292532886e-33
0,1.0,1.8490976358769377e-20,2.8552269659525687e-17,2.655477503628468e-28
0,1.0,2.3890854386091976e-15,1.653946135604656e-08,1.3586554587142379e-15
0,1.0,4.178638839569433e-14,1.7886580650869108e-32,0.0
0,1.0,1.4923122687669071e-13,2.483641667886928e-36,0.0
0,1.0,9.221407139400548e-14,7.111627821766676e-37,0.0
0,1.0,3.070785813130694e-14,1.4943397497853905e-36,0.0
0,1.0,1.1542560323881713e-14,0.0,0.0
0,1.0,1.2381571191499158e-13,1.2632221367138955e-37,0.0
0,0.9846886396408081,4.3655357107041937e-10,0.015311269089579582,6.267915608759722e-08
0,0.8492344617843628,5.623954280054022e-08,0.15069511532783508,7.03378245816566e-05
0,0.154065802693367,1.3671136912307702e-05,0.406108558177948,0.43981194496154785
0,0.9999294281005859,2.5978752569294494e-13,7.054435991449282e-05,2.2856887823413663e-12
0,0.9226121306419373,5.812739178878701e-09,0.0773552656173706,3.2604773878119886e-05
0,0.9999997615814209,6.007759055320049e-16,2.7490759180182067e-07,4.026485728918992e-16
0,0.9999947547912598,1.495549323759452e-14,5.224353571975371e-06,1.0971352136252693e-13
0,1.0,9.493700121036868e-17,4.524863594923545e-09,1.9089754826608497e-18
0,0.9988627433776855,2.5599312600266266e-11,0.0011372327571734786,2.397717802082866e-09
0,1.0,1.4905505124991165e-18,8.063337324226705e-12,6.566898480150004e-23
0,0.9999996423721313,1.2721514142945926e-14,3.59816482387032e-07,2.7398720634950677e-15
0,1.0,3.1294839920004453e-17,1.7435032972912268e-08,2.588461135686156e-18
0,0.9866561889648438,2.1370962777211844e-09,0.013343359343707561,4.3801594529213617e-07
0,0.9999251365661621,1.8107981477125112e-13,7.491635187761858e-05,4.643924134128952e-12
0,1.0,5.7392040830195204e-18,1.2283132289070409e-09,4.9932683359755357e-20
0,1.0,2.854486473868211e-17,5.986072970642908e-09,1.3761274455452687e-18
0,1.0,7.937995838370854e-19,5.085081244970979e-10,6.604916829994451e-21
0,1.0,6.4932561391585726e-18,3.9049172229077556e-10,1.878359957839568e-20
0,0.9999995231628418,1.0118102898901788e-15,5.060327339379e-07,7.082110234628985e-16
0,0.9999873638153076,2.5400641063145352e-14,1.2673161108978093e-05,2.417731000212836e-13
0,1.0,4.518553712204872e-19,2.3995232467655114e-09,3.128536340286492e-20
0,0.9999933242797852,1.619521248878708e-12,6.644257155130617e-06,5.904409990445392e-13
0,1.0,1.2347390144052283e-18,3.489887490104593e-09,9.234508649222754e-20
0,1.0,3.542571372464527e-18,1.8823453018512737e-08,1.2118505132655797e-18
0,0.9999963045120239,2.9931118330762908e-15,3.6957135307602584e-06,2.455778568238691e-14
0,0.9910066723823547,2.4798244013801707e-10,0.00899328663945198,6.575390898433398e-08
0,1.0,1.4581173810663717e-18,2.4979425194970872e-09,1.5111316708682308e-19
0,1.0,5.036683559245174e-17,6.10575500749333e-13,4.0570482742437564e-22
0,1.0,2.1253148525018966e-18,3.699875421227933e-13,2.801702929309203e-23
0,0.9928935170173645,1.497007406925377e-09,0.006979431491345167,0.00012708312715403736
0,0.9731629490852356,1.5907305472850908e-09,0.026816437020897865,2.057661367871333e-05
0,1.0,7.791803142233105e-18,1.7990159058636768e-12,3.413159808563193e-22
0,1.0,1.0218332175201492e-16,2.1127273108073608e-12,1.888640544617702e-21
0,1.0,1.2394499444785188e-16,1.0979495307719689e-12,8.963127977026438e-22
0,1.0,1.438076986852835e-17,2.8190310871235857e-13,4.7292561522241576e-23
0,0.9929002523422241,5.691840401778059e-11,0.007099738344550133,1.84398913916084e-08
0,0.9987072944641113,4.641733108989854e-10,0.001292646862566471,1.2597298315597527e-08
0,0.9999983310699463,5.6349131090371873e-14,1.6836060012792586e-06,4.240017557432911e-14
0,1.0,9.550556519407043e-15,1.8145549063319777e-08,7.269632972849818e-18
0,0.9999997615814209,7.217116274993007e-15,2.9124387879164715e-07,3.8548130616364307e-16
0,0.9999997615814209,6.527263420112424e-15,2.108826890889759e-07,8.468356944567085e-16
0,0.999998927116394,7.358587887250009e-14,1.126912593463203e-06,1.2959752323756565e-14
0,0.999975323677063,4.9062977395012905e-14,2.4681537979631685e-05,8.677151336865252e-13
0,0.9999997615814209,1.5658657638757678e-14,2.874475057978998e-07,3.196727753926147e-16
0,0.9999996423721313,1.0851923201195268e-13,3.1905955211186665e-07,1.4254560768247378e-15
0,0.999998927116394,3.115003914533343e-13,1.1149101055707433e-06,2.070350286337546e-14
0,0.9999991655349731,9.699656849200197e-14,8.452512361145637e-07,2.526352506370972e-14
0,1.0,2.20922243918272e-15,2.5873587716773727e-08,9.14540877580427e-17
0,0.9999990463256836,6.7234438739930454e-15,9.43372072015336e-07,2.0547638636685302e-14
0,1.0,2.3321884787957936e-12,4.412944232257132e-09,1.5260874026068114e-14
0,1.0,2.506347462217221e-16,4.476593762348102e-09,2.0502908117142558e-18
0,0.9999997615814209,1.008939165836342e-15,2.8270298457755416e-07,1.153352777629043e-15
0,0.9999996423721313,1.2437222992551307e-15,3.9677848917563097e-07,3.791491419598541e-15
0,0.9997346997261047,1.3150512579926388e-12,0.00026524445274844766,7.448855421365863e-11
0,1.0,6.975690868020527e-17,3.2696907403817477e-09,6.892284447738973e-19
0,0.9999998807907104,1.3191316308459313e-15,1.4597031849916675e-07,9.19750725776082e-16
0,0.9999996423721313,1.4860401591990785e-13,4.04520562824473e-07,7.761849939635825e-15
0,0.9999998807907104,8.570473330863932e-15,1.7166111376809567e-07,9.47434727107668e-16
0,0.9999998807907104,1.4406749295462927e-16,1.1036337355108117e-07,1.7292748041946958e-16
0,0.9998304843902588,4.632609942357979e-13,0.0001695109240245074,2.926086803411998e-11
0,1.0,7.23159483973702e-20,1.1454098381198919e-20,8.051821270646649e-32
0,0.9997490048408508,3.7169902572520286e-12,0.0002510208869352937,1.2940262750227305e-10
0,0.9999992847442627,2.694389305903268e-16,6.60715784306376e-07,2.5175583138510463e-15
0,1.0,7.382846701748114e-18,8.16882379362865e-18,1.1640082693009723e-25
0,0.9999998807907104,4.425993583051811e-16,7.745847341311674e-08,4.9438262489134415e-17
0,1.0,5.609403563042189e-17,2.2744757001521537e-17,6.4605389317947825e-27
0,0.9999982118606567,1.109294337701787e-14,1.7515146737423493e-06,4.02132618653947e-14
0,1.0,6.548132459048198e-17,8.649034789688821e-15,1.1026206667265803e-24
0,1.0,1.7451280898877e-14,2.4340222282148716e-08,3.095018684597811e-17
0,1.0,8.89558405777792e-14,1.0527809735094706e-08,1.957156147723134e-17
0,1.0,1.626532974063552e-14,2.2043120107007041e-10,4.2454886120606535e-17
0,0.9850119352340698,1.6277372338890927e-08,0.014960326254367828,2.77016733889468e-05
0,0.9993977546691895,1.3042156718123587e-16,0.0006022372981533408,6.017772543297217e-13
0,0.9999954700469971,1.5906854555335775e-13,4.523931238509249e-06,5.032118927279783e-13
0,0.9998939037322998,1.1349013295434106e-15,0.00010606797877699137,7.769374878695279e-13
0,0.9999704360961914,1.8471705738833882e-17,2.9507917133742012e-05,1.6128889673491797e-14
0,1.0,5.478239389899997e-13,1.5110796169892637e-08,5.3681810786940926e-14
0,0.9998698234558105,5.380227284808412e-16,0.0001301587326452136,1.0850851467347766e-12
0,0.9711426496505737,2.985738392635717e-11,0.028857244178652763,3.651899405099357e-08
0,0.9998905658721924,1.9796992956630857e-14,0.00010938699415419251,6.672062641960297e-12
0,0.4645286202430725,6.713470668273658e-09,0.5354458093643188,2.556648541940376e-05
0,0.3612406253814697,9.043405135855664e-09,0.6387491822242737,1.020040326693561e-05
0,0.9991843104362488,2.5804447554428345e-12,0.0008156663971021771,1.0141482098546817e-09
0,0.9999659061431885,5.106960861145371e-14,3.4137567126890644e-05,4.576868398165068e-12
0,0.19617557525634766,4.266178965650624e-09,0.8038225769996643,1.7895952169055818e-06
0,1.0,1.060190588375858e-15,2.01512921904623e-08,1.0005509875482543e-12
0,1.0,1.0552490955703653e-13,1.2515400174550884e-11,5.117638733179004e-17
0,1.0,1.9375637433458742e-13,3.567988127173294e-10,1.9086861762416092e-16
0,1.0,3.1729530027696518e-12,2.8131414722237487e-15,6.713806809575219e-17
0,1.0,1.231856955850874e-15,2.835309487192461e-10,3.1544200845140535e-13
0,1.0,2.6717948396781134e-14,1.11168018599223e-16,1.9938196846551816e-22
0,1.0,6.296737762277738e-13,8.058706590929887e-09,4.911633708255814e-14
0,1.0,2.95386540849821e-15,7.811678387481535e-12,2.430185826879372e-12
0,1.0,1.338398623429004e-14,1.8061088624676813e-08,1.3778467299399577e-12
0,1.0,6.637269537148119e-14,1.0649973125609336e-09,1.3867752161455388e-14
0,1.0,1.1420843383427165e-14,3.6318997397206954e-13,7.73151372139566e-20
0,1.0,9.904065084668915e-16,9.991894422967107e-09,3.8448522143852415e-11
0,1.0,7.450756443328594e-16,4.462433977892033e-09,1.256174309537117e-12
0,1.0,1.6288776967868235e-13,1.6756298253649168e-16,1.5206774482281921e-21
0,0.9999948740005493,9.315086272861442e-14,5.15171359438682e-06,3.058567938848955e-12
0,0.9999979734420776,4.561995854863998e-13,1.967939851965639e-06,3.01739522257094e-09
0,0.9999998807907104,3.856610042034031e-15,1.3176217805721535e-07,1.8198903495303398e-10
0,0.9999996423721313,1.0182424463333912e-14,3.94359631172847e-07,2.25775592666011e-10
0,0.9999916553497314,7.334322087377068e-14,8.369112947548274e-06,4.560140242845789e-13
0,1.0,2.4568698854879334e-14,4.174361412090377e-10,8.255383612520894e-17
0,0.9999866485595703,8.341595372340221e-14,1.3374249647313263e-05,4.6903429057332247e-11
0,0.9999994039535522,1.9685692827361642e-14,5.972054282210593e-07,8.01003846584436e-11
0,0.9999862909317017,3.2091900751402003e-12,1.368929042655509e-05,4.144014298379517e-11
0,0.9999998807907104,4.670512674526117e-12,7.284187830691735e-08,1.081388242840653e-10
0,0.9999995231628418,7.60905112518178e-15,4.911217956760083e-07,7.484905707386136e-13
0,1.0,1.5604845635618612e-14,2.0484328899783577e-08,7.88711977672829e-12
0,0.9999995231628418,7.936888451152979e-15,4.3746896949414804e-07,4.607883866136753e-11
0,0.9999984502792358,2.1384274559443917e-12,1.6068454442574875e-06,1.8843934659201755e-12
0,0.9989136457443237,2.164994711284507e-10,0.001084013027139008,2.3389829948428087e-06
0,0.9996465444564819,1.3959035316535306e-10,0.00035227692569606006,1.1827903563244035e-06
0,0.9969258904457092,5.669905656091601e-10,0.003063668729737401,1.0381004358350765e-05
0,1.0,2.89793761903967e-11,1.0021243834756888e-09,3.491668412736182e-11
0,0.9976831674575806,1.6244988687574846e-10,0.0023154623340815306,1.3996967709317687e-06
0,0.9999997615814209,4.9167926674531515e-12,2.755856201019924e-07,2.971522550590522e-12
0,0.9972912669181824,1.6551403303477485e-10,0.002706698374822736,2.048542000920861e-06
0,0.9999678134918213,2.0093808561494342e-11,3.207667759852484e-05,8.765320558268286e-08
0,0.9999996423721313,4.5724697730106355e-15,3.2446561704091437e-07,2.876239921080037e-15
0,0.9999973773956299,1.2236069396479119e-14,2.6099064598383848e-06,1.0253614194418847e-14
0,1.0,6.826929912565603e-16,2.1978109436548987e-12,7.367678070470269e-19
0,1.0,1.5650554974523803e-16,1.0393473637293482e-08,4.054908184161906e-17
0,0.9999996423721313,1.551247404574257e-16,3.1869981853560603e-07,7.582071431745836e-16
0,1.0,1.4631740304494982e-14,1.8496544627964046e-13,1.6438696022585566e-19
0,1.0,1.2277761205175923e-14,6.622730792590903e-13,1.0665087791829952e-18
0,1.0,2.828180806900045e-17,2.7584084349996374e-08,5.124062948688336e-18
0,0.9999935626983643,3.043178339531827e-12,6.4114633460121695e-06,5.611885522255333e-12
0,1.0,1.0351506300352795e-13,4.0886785512839197e-08,6.06979998354169e-15
0,0.9999996423721313,1.576803574862562e-12,3.6921446167070826e-07,3.54462038063344e-13
0,1.0,3.0912010012254174e-14,7.09915145332557e-13,9.474582958614638e-20
0,1.0,9.045558017352871e-16,3.786346525203044e-08,7.974090588182641e-17
0,1.0,2.218486862043314e-15,2.086494306494077e-22,1.476456304018654e-22
0,0.9999998807907104,1.2882367698627273e-12,1.0005915385136177e-07,9.93279677258263e-13
0,0.9999986886978149,3.602138390085968e-14,1.3436382459985907e-06,7.239032913690033e-14
0,1.0,1.3307112912129028e-14,5.11854904027324e-20,2.152086260605904e-22
0,1.0,2.986734257318617e-16,6.629400262254947e-14,9.23094627959252e-21
0,1.0,3.162364007759122e-18,1.2714206893522745e-23,2.1383482209322386e-28
0,1.0,1.1455907199016373e-17,4.435040503731541e-29,2.737658258432308e-30
0,1.0,4.1274412635926623e-19,3.3129568546286956e-31,1.1114639980386467e-31
0,1.0,1.1002926551970084e-17,1.6581482905080878e-33,8.652957796911399e-31
0,1.0,6.032885228909163e-16,3.5076902296259253e-25,2.765048191803747e-25
0,1.0,3.172878217807222e-17,6.597100572109024e-24,7.92918309983101e-28
0,1.0,2.6738264380377075e-12,2.231808488017961e-12,6.442458481433324e-17
0,1.0,9.098876987809866e-26,0.0,0.0
0,1.0,1.2343390400464351e-25,0.0,0.0
0,1.0,4.695912373688625e-14,8.489145497669881e-11,1.5424901757780562e-17
0,1.0,2.830237109005895e-28,0.0,0.0
0,1.0,6.384649541574402e-16,3.419123930463848e-17,4.9970791829069616e-20
0,1.0,3.4924303307095226e-17,4.3531132599207475e-20,2.3084816584894423e-22
0,1.0,1.4953229310432412e-18,1.599385508621203e-23,1.388413682116447e-25
0,1.0,2.3223724354691792e-17,4.852691010356066e-21,7.57276492297773e-24
0,1.0,2.2889593018057122e-17,1.771450887843782e-25,2.2637654048379673e-27
0,1.0,5.3617847305687254e-18,8.8813660467427e-24,1.6461856925514744e-26
0,1.0,1.7617865508728576e-18,1.2040455979945905e-24,5.208286570816569e-27
0,1.0,2.6170042951920053e-19,3.9376340091672864e-20,2.496741876129586e-28
0,1.0,1.6890682677709023e-16,1.983977083097263e-13,2.0471080339746534e-20
0,1.0,9.525753773023847e-20,2.3662098315609375e-16,1.0863457759985788e-25
0,1.0,9.547615519370223e-13,3.608477814950302e-17,6.421834457013903e-21
0,1.0,5.092733185202869e-16,9.67571600391442e-22,5.74857809813722e-27
0,1.0,2.43954585943092e-14,9.48781851695113e-13,6.716592319608476e-19
0,1.0,1.4562844232752093e-16,4.20068578038876e-18,1.762897244396567e-24
0,1.0,5.987256453425169e-14,8.263295561992739e-16,3.1606106724350193e-21
0,1.0,1.3807771270301028e-16,6.592055460524771e-13,1.1799536759819306e-20
0,1.0,5.312494278637609e-18,9.915405797041466e-16,2.053406661923524e-25
0,1.0,1.0223268654680359e-19,7.139854435197266e-19,1.5632028986667688e-27
0,1.0,7.935737862773253e-16,1.249821283683538e-28,5.867687141173284e-34
0,1.0,1.3998261303902436e-14,7.313968199321436e-19,6.762981848828446e-24
0,1.0,2.523475411461225e-21,5.7581792960058095e-31,0.0
0,1.0,9.287656047894809e-17,2.028682533376444e-14,1.9580304695577156e-24
0,1.0,7.424669780699407e-19,7.47240177476131e-35,1.6104148628345526e-34
0,1.0,1.8335905168330446e-14,3.54582634109962e-20,1.3957359136906116e-26
0,1.0,5.625229477204647e-20,1.2554819218689058e-31,0.0
0,1.0,2.9008798475999096e-22,5.442206514605469e-35,2.2021289059091961e-38
0,1.0,4.651149665797871e-20,1.6333421702825757e-13,4.342423297877926e-24
0,1.0,2.4798214799362157e-25,0.0,0.0
0,1.0,2.334254517839738e-26,0.0,0.0
0,1.0,7.483538735969704e-17,2.627034811908402e-09,4.761577825209303e-19
0,1.0,9.863242755625369e-29,0.0,0.0
0,1.0,3.6652292809102815e-19,1.7162383031609993e-29,2.510946620908862e-34
0,1.0,3.6644390805823523e-23,0.0,0.0
0,1.0,4.226385778372538e-26,0.0,0.0
0,1.0,3.544024133456924e-22,3.6638257723057407e-37,0.0
0,1.0,3.0695588935370373e-27,0.0,0.0
0,1.0,7.93664180574665e-17,4.0033013254218985e-15,2.59683765535024e-26
0,1.0,8.049422538019754e-14,4.321526794662465e-28,2.9563949092717376e-27
0,1.0,3.120835024867513e-13,4.239026118820738e-27,1.2565152143171204e-26
0,1.0,1.9147910338600466e-15,4.095931086913565e-34,1.3341262790307265e-30
0,1.0,2.888596755351938e-17,0.0,5.616716916179692e-35
0,1.0,1.9121176522947242e-17,0.0,2.509346387388309e-35
0,1.0,7.538036835796045e-16,3.1557313163076254e-36,8.147577040464633e-31
0,1.0,3.5992687801035246e-16,8.994975327325213e-16,3.921945447037927e-24
0,1.0,3.866876134294312e-16,8.735582922173371e-14,1.4645195132363394e-22
0,1.0,2.5194931911245714e-21,4.418769053756222e-18,1.5213847484500512e-29
0,1.0,3.759774112069926e-17,3.800293684342454e-13,1.0767263469557458e-22
0,1.0,3.892119287765654e-18,1.0705160556605083e-17,1.3944008898680415e-25
0,1.0,4.2754047466267337e-19,1.1688211497184166e-20,2.0753023625349256e-29
0,1.0,1.1084075153818354e-15,4.750181022384732e-28,1.870697138261943e-32
0,1.0,3.422183519038256e-21,9.980379153326502e-15,2.3750782237593208e-26
0,1.0,1.037139938329453e-18,9.075258609847823e-21,1.404622236306037e-28
0,1.0,3.922551857037545e-20,3.628754740597931e-25,1.0833741646262065e-33
0,1.0,1.0359404206202939e-21,1.4273791491710966e-20,1.4844180278003073e-31
0,1.0,2.5407291954266664e-19,1.7229576330944587e-19,1.2289904254050457e-28
0,1.0,9.078721620869322e-21,1.2684200036009601e-26,9.28760210280538e-36
0,1.0,1.2092888217624673e-16,2.81273999184164e-18,1.81719825677735e-26
0,1.0,7.838377778233475e-16,1.734912872543813e-14,3.7102094213919996e-23
0,1.0,1.5013491885361376e-23,1.8207137894183615e-21,4.916045026478466e-34
0,1.0,6.831623791635347e-22,1.0925291358631493e-26,2.9466858356074035e-37
0,1.0,6.6302108660594575e-21,3.4019712315235524e-20,2.4514201177923893e-30
0,1.0,5.989233536932875e-21,4.6282579749843494e-23,1.182712804491298e-33
0,1.0,7.913260811610046e-20,2.6511333007651583e-22,1.2826056781878585e-30
0,1.0,1.1585490851624139e-20,3.4598733642261954e-26,3.433509370128363e-35
0,1.0,1.5567902737905024e-24,7.72074921122908e-29,0.0
0,1.0,2.093019446641142e-18,3.293077496020697e-29,5.5179169532015414e-37
0,1.0,8.203998166472375e-23,3.367623021930635e-29,0.0
0,1.0,5.704354179849005e-23,1.8364589428907824e-27,1.9554935098255531e-38
0,1.0,6.172514728105087e-23,5.035339784362337e-24,8.70700661665754e-36
0,1.0,3.252196804559358e-19,1.3850345263812398e-16,4.541501120306531e-27
0,1.0,1.3072496788165818e-22,2.289851475557178e-31,0.0
0,1.0,1.2371303257519465e-24,4.859078879890517e-37,0.0
0,1.0,1.1056991224534954e-25,0.0,0.0
0,1.0,5.8207852176865815e-25,5.987819234351941e-28,0.0
0,1.0,6.074428157580359e-24,1.9791452376434018e-26,2.1986035192326478e-38
0,1.0,7.806945308485024e-26,0.0,0.0
0,1.0,9.789682549565083e-17,1.487548717202875e-29,3.1113636509587027e-34
0,1.0,1.1935836576163725e-22,1.5314100601665194e-31,0.0
0,1.0,4.212616188592154e-22,1.6960551591969287e-30,0.0
0,1.0,1.52578186196628e-10,7.521629430407017e-10,4.518062729226124e-15
0,1.0,3.759739448032381e-20,8.608110335650565e-10,1.9823214689817336e-23
0,0.9999986886978149,9.227256643055167e-17,1.263087369807181e-06,2.1691914900419143e-17
0,1.0,2.6177319556371106e-20,3.393642922233653e-09,6.435609937415881e-23
0,1.0,2.7317015836858527e-15,5.4268753935105e-09,1.7060074047036612e-17
0,0.9999963045120239,4.138574856143685e-18,3.6508392895484576e-06,8.282986298689543e-17
0,1.0,4.83943961293587e-12,1.0242794112880205e-10,1.1031306059995595e-15
0,1.0,7.823728074577013e-19,5.60749502387381e-11,2.627062567083096e-22
0,1.0,9.63985118931029e-18,4.1764183222881e-09,2.5444329289311152e-20
0,0.9999992847442627,1.3782737013538568e-20,6.670851462331484e-07,1.0735855031938424e-19
0,1.0,1.6646227277611703e-21,1.430005067267967e-14,4.180715893452492e-27
0,0.9999996423721313,2.2848209688998977e-19,3.947886000332801e-07,1.7472881168369403e-19
0,1.0,1.7897883012807454e-20,1.1965205493069675e-09,3.5420608006587916e-24
0,0.9999991655349731,1.5227208589910109e-19,8.368861585950071e-07,3.839012754400798e-20
0,0.9999998807907104,2.672074206364241e-18,1.4681874915822846e-07,2.623741164293367e-19
0,0.9999986886978149,3.237386846549935e-20,1.2737674524032627e-06,2.0200862082493054e-20
0,1.0,2.9032416661717297e-12,6.907500266217781e-11,4.588001604406201e-16
0,1.0,6.160973034205076e-20,1.4204337706047454e-10,3.395690578480382e-23
0,1.0,2.3208895200653445e-13,1.5918127926894954e-09,1.330395342629621e-16
0,1.0,7.119235278218762e-20,1.588492537507591e-08,1.2792644027526467e-21
0,1.0,2.749162877036117e-20,6.178361711128844e-10,4.3377735150442816e-23
0,1.0,1.6520286404021412e-20,1.053576426102154e-08,3.2244837175670315e-22
0,0.9999994039535522,5.189979317341462e-19,6.35702406270866e-07,7.267673283427865e-22
0,0.9999998807907104,1.355164517474067e-18,1.181223439061796e-07,1.6815957331840575e-18
0,0.9999995231628418,1.1641474290363229e-14,4.4665918608188804e-07,6.123867155356116e-16
0,0.9999998807907104,3.991105258096444e-21,1.6547987513604312e-07,3.684203580354994e-22
0,0.9999998807907104,5.871061416024298e-21,1.0257431881655066e-07,1.4919011908009228e-22
0,0.9999996423721313,3.9976037583021925e-17,3.3781589081627317e-07,2.14501162430845e-15
0,0.999992847442627,8.178248689528079e-17,7.097636625985615e-06,1.1217865490144828e-14
0,0.9999874830245972,5.986136421759014e-16,1.2524692465376575e-05,5.371513983934949e-14
0,1.0,4.54160162978937e-21,1.2912843017076625e-09,2.279636044411386e-24
0,0.9999909400939941,6.074397784258505e-16,9.115728062170092e-06,2.684679227245388e-14
0,0.9999997615814209,3.248964540481116e-16,2.799182254875632e-07,1.083742921809415e-16
0,0.999991774559021,3.6255175370455473e-16,8.232515028794296e-06,4.408687905846018e-15
0,0.9999921321868896,1.1424544070373719e-14,7.812399417161942e-06,4.1112028196935504e-14
0,1.0,3.6122199283427036e-19,1.48337973016055e-08,3.607450064849631e-22
0,1.0,6.288799839202309e-18,7.73268320713007e-15,4.230763902162327e-23
0,1.0,1.7500704163754448e-19,5.575896877836382e-21,1.0634194468386179e-29
0,1.0,8.789635729272677e-21,1.8760885314890452e-14,1.07520595068121e-25
0,1.0,4.957840342851315e-17,4.279908745062085e-19,5.252603836618072e-26
0,1.0,2.086241754884081e-20,8.562851278418285e-17,4.143484200953587e-27
0,1.0,2.7270378757187586e-22,2.5950444593863124e-19,6.095925154070511e-31
0,1.0,1.1083340294833968e-18,3.740612835071653e-20,3.7048115264018605e-28
0,1.0,6.086992068169864e-19,1.2996838852783045e-19,3.004141601488014e-28
0,1.0,7.220836907545338e-22,3.442072689126182e-20,7.351574583884409e-31
0,1.0,1.189418719221637e-17,2.034953366121204e-21,7.472017615860622e-31
0,1.0,4.557386657318878e-17,3.3597283920156005e-16,9.934210428514546e-26
0,1.0,1.5469213823195028e-17,2.57091106919623e-21,8.490561345223265e-28
0,1.0,1.3373011141199228e-22,1.8985808476583432e-13,1.9874218060236093e-26
0,1.0,1.8465760791771463e-18,4.888724179603788e-26,1.1231888195041297e-32
0,1.0,7.778902607883139e-21,2.758581433113139e-16,3.581705227317803e-26
0,1.0,1.3674946390495122e-23,2.826434860237517e-16,6.396158542372224e-30
0,1.0,1.816143374195936e-20,1.9891506873155879e-19,1.3701222106178777e-29
0,1.0,2.6097924454927633e-22,6.840954660589766e-16,7.02505035224294e-29
0,1.0,5.2986221398788425e-21,1.2641920659178102e-13,3.7140715266117806e-25
0,1.0,5.318361383480743e-23,1.8911347165443022e-14,4.748405796458493e-28
0,1.0,1.3328353536028049e-21,1.3671813217843852e-16,2.0480837362986976e-28
0,1.0,2.0402766499967332e-22,2.8343629933326106e-14,1.9780346308816714e-27
0,1.0,2.488533459363957e-15,2.3553136798597722e-23,9.774142616013832e-28
0,1.0,1.747949895448183e-14,2.024770724313062e-21,3.19748475316324e-31
0,1.0,1.3176778362265337e-23,2.5068556290460146e-15,2.724397628912094e-29
0,1.0,1.9519105718519887e-21,1.2930789090916388e-16,8.891207857099902e-29
0,1.0,1.063817613102154e-13,3.4696205937078013e-15,1.0298557029554963e-23
0,1.0,4.088794157527963e-20,1.9158759267283436e-19,3.0845470099949934e-28
0,1.0,2.4597213139319457e-21,7.432693432641172e-18,1.415989285486398e-29
0,1.0,2.217218403473296e-22,9.907305151128285e-18,5.5168210594825454e-30
0,1.0,4.984469986686916e-15,8.150341267648871e-24,4.131210243775634e-32
0,1.0,1.217185582874777e-14,1.1954491760798783e-19,1.536455601654712e-29
0,1.0,1.4854620083906006e-14,2.1910570996360798e-18,1.2104813960451337e-28
0,1.0,2.029741663373691e-15,4.136601203202133e-18,3.067051260527072e-29
0,1.0,6.582118525797067e-24,5.924128527822316e-15,6.004719751096425e-29
0,1.0,5.0819461147404675e-15,2.9365684642517337e-19,3.0483729107249834e-24
0,1.0,5.713875553259307e-14,1.5279201237561324e-09,1.1723864086646801e-17
0,1.0,1.4752237517505484e-14,2.457247560982978e-08,2.390450557935151e-17
0,1.0,8.537069705674694e-13,2.6899810379177325e-08,1.2888935075410185e-15
0,1.0,6.95369961630876e-15,7.240350680115526e-11,4.381134326288408e-20
0,0.999998927116394,1.1164340095161845e-17,1.0885038363994681e-06,1.479903705398824e-17
0,0.9999997615814209,4.955782674829308e-15,1.909644993247639e-07,1.607979818496778e-16
0,1.0,1.4145747527711302e-14,3.435986521346801e-12,2.5732083129315903e-20
0,0.9999996423721313,8.582750426372349e-20,2.9978301085975545e-07,2.708142538095215e-19
0,0.9999998807907104,1.724768588915303e-16,1.0112861303923637e-07,1.6908971723770632e-18
0,1.0,2.3749972524494966e-18,3.917665150621197e-11,1.8501883717624814e-23
0,0.9999994039535522,6.548257131710122e-16,6.530424911943555e-07,3.655121867947677e-17
0,0.9996253252029419,3.3755154450260854e-15,0.0003746403963305056,1.3504090424013016e-13
0,1.0,1.7207358049665085e-21,2.5771212941450017e-10,1.770284019583921e-23
0,1.0,8.327906341854236e-18,1.4198392683795191e-08,2.485984379159861e-20
0,1.0,1.0122339436757877e-18,2.2041197755839903e-09,2.705228964024146e-21
0,0.9999998807907104,4.230114302323498e-17,7.539576785120516e-08,4.0991656453161856e-19
0,0.9999997615814209,5.473479445669644e-19,2.337992697221125e-07,7.146252418741422e-20
0,1.0,7.775891495970035e-17,4.173450207645146e-08,6.752120760893394e-19
0,1.0,4.908481813955786e-16,1.657571502278188e-08,7.079536424929899e-19
0,1.0,3.426094209254557e-18,2.5218463761689236e-08,3.072100327407928e-20
0,0.9999997615814209,8.055278675497451e-20,2.1335957001156203e-07,5.49269834096746e-20
0,0.9999961853027344,9.183094462767696e-17,3.871556600643089e-06,6.44535890753318e-17
0,1.0,4.574331121294782e-18,1.1257884624527037e-09,1.5819238516030825e-21
0,1.0,3.853255315106871e-16,3.2111864278761004e-09,2.4527900735425055e-19
0,0.9999974966049194,2.0494756252205848e-15,2.5340632419101894e-06,5.816272434516637e-15
0,1.0,4.219057461793563e-18,1.9602810041874363e-08,6.891018732154796e-20
0,1.0,2.190228729951396e-19,5.876341191424217e-09,2.4927633019943178e-21
0,1.0,1.4952180164303534e-21,1.8683595115476237e-08,2.0227317523758938e-22
0,1.0,4.761795994095864e-19,4.548833310025202e-09,8.2214528184056575e-22
0,1.0,9.244871025099541e-20,9.417917112841678e-09,3.44623915909752e-19
0,1.0,1.6224572566207972e-19,4.487059257485271e-08,1.7787975201700107e-18
0,1.0,5.180611331468176e-17,2.8858301165390898e-11,3.10808817705024e-20
0,0.9999996423721313,1.0128868786923064e-17,3.9654776173847495e-07,8.797667340242898e-17
0,1.0,7.288925564770334e-20,1.2082801325772295e-14,7.787310529739194e-27
0,1.0,3.0233097769101295e-18,2.9707358351060975e-08,3.495800926269554e-18
0,0.9999699592590332,4.481363862116029e-16,3.001096956722904e-05,1.3224122953297657e-15
0,0.9999977350234985,1.5221899261896876e-12,2.209902049798984e-06,1.0729852878595125e-13
0,1.0,2.4048436852996957e-12,5.752323617436161e-10,4.090501435047818e-17
0,1.0,5.828600622981295e-12,5.102201772189119e-09,1.2493194929705871e-15
0,1.0,1.3554666973051807e-15,1.1829239844607375e-12,2.956212444758284e-21
0,0.9999874830245972,2.0857966742671152e-10,1.2565930774144363e-05,7.0796484993862485e-12
0,1.0,2.3056713280294886e-17,1.975674181545206e-12,2.5986958862378176e-22
0,0.9999998807907104,3.0996063209192586e-15,1.0407721617866628e-07,7.690548956067224e-17
0,1.0,3.3268479626666177e-17,6.704259369882948e-10,1.3216424286142904e-19
0,0.9999998807907104,1.7596991688688862e-16,7.309601812721667e-08,1.4529209083812217e-17
0,1.0,1.3700410505981036e-18,1.5621616887974248e-17,1.6620804694197e-26
0,1.0,1.495131312999982e-15,4.968531228805029e-12,2.2594499016403472e-21
0,1.0,8.688734105578442e-19,1.5193522828749195e-10,1.1756218627843418e-21
0,1.0,1.0926294885661947e-18,1.458078796590101e-10,8.505726986646591e-22
0,1.0,7.730356746437142e-14,2.193485215684632e-08,3.094241267170909e-16
0,1.0,8.602186424269218e-21,1.5729867698633347e-15,2.4483384418022736e-28
0,1.0,1.1755731730270941e-20,6.190554694568157e-15,7.838274487927569e-27
0,1.0,6.372470192137814e-20,1.1707679677576742e-18,4.949549302950861e-30
0,1.0,7.089674867505232e-18,3.12244757827429e-10,1.4771056286826047e-20
0,1.0,5.559251871336798e-19,2.1693299825757684e-14,9.371429909677922e-25
0,0.9998698234558105,2.9299663389936725e-11,0.00013016469893045723,6.469010049858781e-11
0,1.0,2.30074248963153e-17,1.0320776351602223e-12,4.637326278188663e-22
0,1.0,5.4699174198363524e-17,6.144316722078713e-10,8.410554041058683e-20
0,1.0,6.201887972241363e-19,1.7054551789267208e-16,1.8557911195237504e-26
0,1.0,5.419368079295772e-12,2.0346019979911034e-08,2.8440984088635253e-15
0,1.0,7.279666100609358e-14,2.2961561818579668e-10,9.266276572346641e-18
0,0.9993195533752441,3.0304295184357954e-10,0.0006804781151004136,1.3153046429792425e-09
0,1.0,2.742029211656736e-21,2.890491247108868e-18,2.9955558885507378e-30
0,1.0,5.716498905783129e-19,1.6112037053033667e-16,2.8774525815952603e-27
0,0.9996833801269531,1.7098637783430348e-10,0.00031658413354307413,8.222489911169362e-10
0,1.0,1.1124500834426349e-20,1.2008453855859996e-14,7.242087466202945e-27
0,1.0,6.733504957810312e-17,9.202606654983014e-29,2.883031061753302e-29
0,1.0,2.0346623093748626e-17,2.7498503917994887e-31,1.3142288977433408e-31
0,1.0,1.4148700708081904e-16,2.985272148783484e-26,4.8091298861225366e-27
0,1.0,2.3720752700228775e-16,8.245305452755025e-26,1.036819378143013e-26
0,1.0,2.426458014549715e-15,6.917463499984721e-27,1.2179665227739946e-28
0,1.0,5.960781019878549e-16,2.244283883893392e-25,3.369517051252906e-26
0,0.998594343662262,1.1121644241402634e-13,0.0014056311920285225,1.3782102126214113e-09
0,0.9995051622390747,1.264761898862746e-14,0.0004947826382704079,1.0213404427750206e-10
0,0.9986275434494019,5.768967931401442e-14,0.0013725190656259656,5.994558183175513e-10
0,0.9998706579208374,5.5071957871842894e-14,0.0001293753448408097,1.7208116875888635e-10
0,0.9987547397613525,3.8391962135439495e-13,0.0012452737428247929,1.2637148216754213e-08
0,0.7058966755867004,1.894365766474948e-07,0.2924934923648834,0.001609625993296504
0,0.9999984502792358,1.2480831954445103e-16,1.5411555978062097e-06,8.248067365438985e-17
0,0.9999719858169556,1.3458409937167591e-14,2.8062600904377177e-05,1.9412739848240733e-14
0,0.40101030468940735,9.317145668319426e-07,0.5885746479034424,0.010414169169962406
0,0.4152466654777527,3.824454779532971e-06,0.35910531878471375,0.22564418613910675
0,0.9603180885314941,3.117904867622201e-08,0.03905068710446358,0.0006311808829195797
0,0.9996463060379028,5.744938623127374e-14,0.0003536322037689388,9.640107722502789e-13
0,0.9999464750289917,2.5141923319735998e-14,5.349954153643921e-05,5.45392615618201e-13
0,1.0,3.6020413571679044e-17,7.336622420694994e-10,5.111485693323861e-20
0,0.8851472735404968,8.52341131007961e-08,0.11147334426641464,0.0033792571630328894
0,0.9372645616531372,4.321872282275763e-08,0.06202230975031853,0.0007131468155421317
0,1.0,6.270763353022346e-10,3.2614532602393e-11,6.339746472155879e-17
0,1.0,1.1726657145327835e-10,7.15540543929607e-24,2.923163338015103e-22
0,1.0,4.768432176893711e-11,1.2642204387274384e-29,1.5635027158849313e-25
0,1.0,9.632800199860236e-13,1.6225836354555626e-31,1.1835518976343944e-26
0,1.0,1.8859596107034804e-09,1.1868303850675655e-25,5.896255540489076e-25
0,1.0,1.1534606159102623e-08,2.4351274708064133e-23,6.760690050126598e-23
3,0.001479515340179205,3.0331335437949747e-05,0.0005891473847441375,0.9979009628295898
3,2.357846824452281e-06,5.047037484473549e-05,2.0614526874851435e-05,0.9999265670776367
3,9.261989397657544e-09,0.0006879400461912155,1.7470647435402498e-05,0.9992945194244385
3,0.0003129465039819479,0.007956909015774727,0.0016977264313027263,0.990032434463501
3,8.567419484961647e-08,0.0002417538344161585,3.831009507848648e-06,0.9997543692588806
3,5.753831092136785e-11,0.0009347723098471761,1.6372960942589998e-07,0.999065101146698
3,0.9945124387741089,2.1475093490153085e-06,5.588303247350268e-05,0.005429490469396114
3,0.769222617149353,2.923107604146935e-05,0.15103326737880707,0.0797148197889328
3,0.9999868869781494,3.38062768889813e-08,2.0067536174450673e-11,1.3129261787980795e-05
3,0.0004077070625498891,0.0004234141088090837,0.01818457990884781,0.9809843301773071
3,0.007019456941634417,0.002236077096313238,0.042037952691316605,0.9487065076828003
3,0.00016801120364107192,0.0002542170986998826,0.010227588936686516,0.9893501400947571
3,3.5402708817855455e-06,0.002586727263405919,0.0038866722024977207,0.993523120880127
3,0.009780175983905792,0.2410503327846527,0.09764684736728668,0.6515226364135742
3,0.0006118566379882395,1.7486916476627812e-05,0.005798644386231899,0.9935721158981323
3,0.01945003867149353,0.00031752928043715656,0.11754467338323593,0.8626877069473267
3,0.0108916275203228,8.000030356924981e-05,0.03992025926709175,0.9491080641746521
3,0.015893876552581787,0.0001985365233849734,0.789343535900116,0.19456404447555542
3,0.2040719985961914,0.00047940074000507593,0.6537729501724243,0.14167560636997223
3,0.005462939385324717,3.1832667445996776e-05,0.013137781992554665,0.9813674092292786
3,0.0025073415599763393,1.2080275155312847e-05,0.10293026268482208,0.8945503234863281
3,0.019860057160258293,0.00016133474127855152,0.0744381919503212,0.9055404663085938
3,0.00163064815569669,1.627090750844218e-05,0.03910296782851219,0.9592501521110535
3,0.0018576893489807844,1.6944555682130158e-05,0.1355564296245575,0.8625689148902893
3,0.00439415592700243,1.0429671419842634e-05,0.08939479291439056,0.9062005877494812
3,0.005188869312405586,3.077871951973066e-05,0.771317720413208,0.22346261143684387
3,0.00013144542754162103,1.4347323258334654e-06,0.00024621892953291535,0.9996209144592285
3,0.0001843049976741895,1.462628733861493e-05,0.9746336936950684,0.025167416781187057
3,0.0005470257601700723,3.0142682589939795e-05,0.7813080549240112,0.2181147336959839
3,0.0008364224340766668,3.5000803109142e-06,0.00520662683993578,0.9939534068107605
3,0.04452534019947052,1.7926267901202664e-06,0.8094742894172668,0.1459985375404358
3,0.0004050962161272764,4.104428626305889e-06,0.9965956807136536,0.002995179034769535
3,0.00017423844838049263,1.4745698990736855e-06,0.9955266118049622,0.004297661129385233
3,0.012703174725174904,1.3363775906327646e-05,0.8831760287284851,0.10410743951797485
3,5.364745811675675e-05,0.00011795086902566254,0.07070886343717575,0.9291195869445801
3,1.6310052160406485e-05,2.2831771275377832e-05,0.0320296511054039,0.9679312109947205
3,0.017998889088630676,3.1625445444660727e-06,0.9515689015388489,0.030429033562541008
3,0.0001593474589753896,5.6371278333244845e-05,0.577613353729248,0.4221709072589874
3,0.015461528673768044,4.390981303004082e-06,0.8493892550468445,0.13514484465122223
3,0.0003781515988521278,4.310148327135721e-08,0.999600350856781,2.1422531062853523e-05
3,0.0009778030216693878,1.3676402943474386e-07,0.9986705780029297,0.00035158044192939997
3,6.0351369029376656e-05,2.799109643092379e-05,0.13707932829856873,0.862832248210907
3,5.780707942903973e-05,1.6282423530356027e-05,0.294039785861969,0.70588618516922
3,2.3151831101131393e-06,1.851763045124244e-06,0.0008423426188528538,0.9991534948348999
3,3.678028406284284e-06,3.317943628644571e-05,4.7759251174284145e-05,0.999915361404419
3,1.961406042028102e-06,3.2481799280503765e-05,5.069714916317025e-06,0.9999604225158691
3,2.4049404601100832e-06,1.2518829862528946e-05,2.6067802536999807e-05,0.9999589920043945
3,2.5363226541230688e-06,1.8527107386034913e-05,3.050431769224815e-05,0.9999483823776245
3,1.5342545793828322e-06,3.153051147819497e-05,1.9799224901362322e-05,0.999947190284729
3,1.452345145480649e-06,3.4991942811757326e-05,2.0334649889264256e-05,0.9999431371688843
3,2.968799321934057e-07,4.871524295069207e-10,7.437717997049731e-09,0.9999997615814209
3,8.649344817968085e-05,1.9250727678610247e-09,4.777845788339619e-06,0.9999086856842041
3,2.483426158050861e-07,1.2739767019098736e-09,5.059263457951602e-06,0.9999947547912598
3,6.737042212989763e-07,6.023402332466787e-10,1.351433009944003e-08,0.9999992847442627
3,4.957006893846483e-08,4.8459868062789013e-11,9.058867931344139e-07,0.9999990463256836
3,4.535874609246093e-08,2.1371598935004954e-11,1.8671331147857018e-09,1.0
3,1.3377319191931747e-05,3.641159151968054e-09,2.1434340169435018e-07,0.9999864101409912
3,1.2464489884678187e-07,4.1055528421374277e-10,0.000284315348835662,0.9997155070304871
3,0.00012450131180230528,8.472520462987632e-09,0.00030127266654744744,0.9995742440223694
3,2.6806901587406173e-07,6.429046878198008e-11,1.1750861972359417e-07,0.9999996423721313
3,6.357367965392768e-05,3.171922724476417e-09,9.107492587645538e-06,0.9999274015426636
3,7.841857586754486e-05,2.3473408106156057e-08,4.314764009905048e-05,0.9998784065246582
3,4.204994183965027e-05,2.4305565560212017e-08,9.462983143748716e-06,0.9999485015869141
3,2.0473804397624917e-05,3.1934028754676547e-08,0.0050511667504906654,0.9949283599853516
3,1.5722159787401324e-06,4.3940706628831094e-10,6.526742168944111e-08,0.9999983310699463
3,3.019920541191823e-06,2.4026279632494152e-08,0.00486458046361804,0.9951322674751282
3,1.0709054265589657e-07,7.224155995633197e-11,2.6543293785152855e-08,0.9999998807907104
3,3.084502395722666e-06,6.2172698100937396e-09,4.404441369842971e-06,0.9999924898147583
3,1.7510514226160012e-05,1.3022254563566094e-07,0.0009393575019203126,0.9990430474281311
3,2.0714180209324695e-05,2.298720573890023e-07,0.0008571501239202917,0.9991218447685242
3,7.031525456113741e-06,3.235581136351584e-09,0.0015694071771577,0.9984235763549805
3,9.203108675137628e-07,4.4624680839433495e-08,0.00011963026918238029,0.9998793601989746
3,2.5268882382079028e-05,1.7018281539549207e-07,0.0014167213812470436,0.9985578656196594
3,0.00017482388648204505,2.5961244887184876e-07,0.006220713723450899,0.9936042428016663
3,1.3360319144339883e-06,1.814343519868089e-08,0.0025723411235958338,0.9974263310432434
3,0.0003769214090425521,6.656341611233074e-07,0.004013899713754654,0.9956085085868835
3,3.649970039987238e-06,4.5183754515676355e-09,2.564577243902022e-06,0.9999936819076538
3,2.243868038931396e-06,3.3803662091713704e-09,2.1304469299820994e-08,0.9999977350234985
3,7.622867315149051e-07,1.0559408458732378e-08,0.00034769688500091434,0.9996515512466431
3,2.0024813238705974e-06,2.5334900843887453e-09,0.0005673886626027524,0.9994305968284607
3,1.5712133745182655e-06,3.1802344437892316e-06,5.0228529289597645e-05,0.9999450445175171
3,1.0861583632504335e-06,3.650869757620967e-06,2.3007452909951098e-05,0.9999722242355347
3,1.204329805659654e-06,2.501579047020641e-06,2.327434776816517e-05,0.9999730587005615
3,2.4852060960256495e-06,4.311474185669795e-06,7.306381303351372e-05,0.999920129776001
3,2.1087191726110177e-06,3.552911266524461e-06,6.0535901866387576e-05,0.9999338388442993
3,4.335384801379405e-06,6.34608795735403e-06,0.00017097670934163034,0.9998182654380798
3,3.1286260402691053e-16,1.819365572571798e-15,1.1478631475723862e-21,1.0
3,8.172172181043595e-15,2.091381972116335e-12,6.478259871640869e-19,1.0
3,9.313103538138509e-15,3.186277196948195e-12,5.5834988615362e-20,1.0
3,8.798384485981647e-15,1.5881658835259493e-11,5.563513402455095e-20,1.0
3,3.403305537234315e-14,9.394154898423324e-11,4.939354448483434e-19,1.0
3,3.6101767327554116e-14,1.550831858765367e-11,8.626483801400151e-18,1.0
3,9.324840026655665e-14,2.1225567137239665e-10,2.9492783528575524e-18,1.0
3,5.68454441165849e-15,3.62887562881109e-12,1.7270046142413744e-19,1.0
3,8.975374561409274e-15,1.7611636975167766e-12,2.99051317714635e-20,1.0
3,1.5815064390050553e-15,7.447521765957532e-11,6.489584749708544e-20,1.0
3,2.4880019461895548e-15,1.3240339814118984e-12,4.780104602978959e-19,1.0
3,9.297743781486179e-13,6.813837827301938e-10,6.868777575324701e-16,1.0
3,5.836460194265022e-14,1.8936253953771853e-10,3.905045225607714e-17,1.0
3,1.48879823400061e-13,8.648051164072967e-10,5.820409396370586e-17,1.0
3,1.3702744722319388e-13,5.446106898787662e-10,9.168462630348368e-17,1.0
3,1.3523109701810664e-15,1.1929615281736083e-12,4.824805443281325e-19,1.0
3,6.052042784835451e-15,5.4285179460324476e-14,7.465648825233167e-20,1.0
3,2.0762695219795485e-13,3.543303872532988e-09,2.8429347311777857e-17,1.0
3,2.1459232773992504e-13,4.223752736454145e-10,3.950112010613073e-17,1.0
3,2.4339757639935122e-12,1.1207585970396394e-08,4.87061427431254e-14,1.0
3,6.941697244149461e-14,2.1511636916216048e-10,1.8668975080037978e-17,1.0
3,1.4300691707214153e-12,1.567409846359169e-08,1.81895700622969e-14,1.0
3,7.023798643396306e-12,1.6025825999577137e-08,1.3175941728730406e-13,1.0
3,1.5868039101121258e-14,1.1939540068423016e-12,1.049181309903964e-18,1.0
3,1.0687672840107524e-14,2.342101393468937e-13,7.722582109484648e-20,1.0
3,1.040931324968429e-14,2.8042633319624866e-12,8.731296683997358e-19,1.0
3,7.877297989247745e-13,7.993049777610395e-09,7.825893253744776e-15,1.0
3,7.164622627814365e-13,4.540113618389796e-09,1.3527450745665342e-14,1.0
3,1.0515888290360542e-12,1.0306921982561335e-09,6.330111419441302e-15,1.0
3,2.369307007532573e-13,3.924307823144346e-10,6.4174392457538e-17,1.0
3,0.000825009192340076,0.0003411624929867685,0.006921760737895966,0.9919121265411377
3,0.00036666891537606716,0.0020787559915333986,0.005120334215462208,0.9924342632293701
3,0.0012607284588739276,0.002068641595542431,0.03953129053115845,0.9571393728256226
3,0.0019395316485315561,0.0015097352443262935,0.04051591455936432,0.9560348391532898
3,0.0033776445779949427,0.0014984240988269448,0.05769595131278038,0.9374279975891113
3,0.003580373013392091,0.0022745791357010603,0.00040224281838163733,0.9937427639961243
3,7.077698569446511e-07,1.1592119264491885e-08,2.392898990066783e-09,0.9999992847442627
3,0.0042109014466404915,2.2807842015026836e-07,0.0033051269128918648,0.9924837946891785
3,1.5923225191727397e-06,2.334909652290662e-07,8.898679126900788e-09,0.9999982118606567
3,1.4480667687166715e-06,3.3027620247594314e-06,9.031052172758791e-08,0.9999951124191284
3,0.0014366902178153396,1.3279737686389126e-05,0.0228539127856493,0.9756961464881897
3,0.0001704242458799854,4.6990058763185516e-05,1.1738265129679348e-05,0.9997709393501282
3,0.0004893103614449501,3.55134102392185e-06,0.01610751450061798,0.9833995699882507
3,0.008479222655296326,7.461583209078526e-06,0.09154177457094193,0.8999715447425842
3,0.018168307840824127,4.961614649801049e-06,0.8996520638465881,0.0821746438741684
3,0.022205984219908714,9.957362863133312e-07,0.7991169095039368,0.17867621779441833
3,0.11292698234319687,6.128911536507076e-06,0.3898964822292328,0.4971703886985779
3,0.05067252367734909,2.3663670845053275e-07,0.8780324459075928,0.07129481434822083
3,0.031161561608314514,7.562462542409776e-06,0.8364208936691284,0.13241003453731537
3,0.032997917383909225,2.7970312288516652e-08,0.9095280170440674,0.05747399106621742
3,0.005322614219039679,1.5324814739869907e-05,0.7525427937507629,0.24211923778057098
3,0.03309933468699455,8.215587286031223e-07,0.845242977142334,0.12165693193674088
3,0.0004855929873883724,9.623749065212905e-06,0.029333319514989853,0.9701714515686035
3,7.30849351384677e-05,1.0931561519100796e-05,5.864356467100151e-07,0.999915361404419
3,0.009596703574061394,1.0760164514067583e-05,0.12811461091041565,0.8622778654098511
3,0.08162838965654373,1.1304099643894006e-05,0.1885845959186554,0.7297756671905518
3,0.11746232211589813,1.823056118155364e-05,0.2776942253112793,0.6048252582550049
3,0.018766120076179504,5.76530619582627e-05,0.6626107692718506,0.31856539845466614
3,0.0362737812101841,5.441529538074974e-07,0.951733410358429,0.01199224404990673
3,0.0007238160469569266,5.053199743088044e-07,0.018863795325160027,0.9804118871688843
3,0.0002531159552745521,2.9648222721334605e-07,0.03675829991698265,0.9629883766174316
3,0.0016861039912328124,3.663470806714031e-06,4.659919341065688e-06,0.9983055591583252
3,0.0012370945187285542,6.297761956375325e-07,0.03588462993502617,0.962877631187439
3,0.0004332535609137267,3.622637905209558e-07,0.04488329216837883,0.9546831250190735
3,0.000864523695781827,5.578528998739785e-07,0.03393501043319702,0.9651999473571777
3,0.0025302856229245663,5.682795176653599e-07,0.056064240634441376,0.9414049386978149
3,0.17960691452026367,0.7591613531112671,0.0171189047396183,0.04411281645298004
3,0.1381370723247528,0.7533937096595764,0.02012932300567627,0.08833996951580048
3,0.0008604568429291248,0.0006068995571695268,1.7103908248827793e-05,0.9985155463218689
3,0.0028208503499627113,0.07031828910112381,0.00034615694312378764,0.926514744758606
3,0.0006609595729969442,0.0005014342605136335,3.980653127655387e-05,0.9987977743148804
3,0.006914883852005005,0.8187230825424194,0.0004252713988535106,0.17393676936626434
