class_i,ASCUS_c_09,LSIL_c_09,ASCH_c_09,HSIL_c_09,SCC_c_09,ASCUS_c_099,LSIL_c_099,ASCH_c_099,HSIL_c_099,SCC_c_099,ASCUS_c_0999,LSIL_c_0999,ASCH_c_0999,HSIL_c_0999,SCC_c_0999,ASCUS_c_09999,LSIL_c_09999,ASCH_c_09999,HSIL_c_09999,SCC_c_09999,ASCUS_c_099999,LSIL_c_099999,ASCH_c_099999,HSIL_c_099999,SCC_c_099999,d_05
1,688,11,3,12,0,334,7,0,5,0,115,3,0,3,0,23,2,0,1,0,4,1,0,0,0,163.6289031
1,352,56,0,1,0,180,43,0,0,0,75,34,0,0,0,22,28,0,0,0,3,25,0,0,0,190.5209296
1,1345,17,0,1,2,865,9,0,0,2,415,4,0,0,2,167,1,0,0,2,53,0,0,0,0,208.6275081
1,340,5,4,10,5,249,4,0,2,0,163,4,0,0,0,72,4,0,0,0,23,4,0,0,0,158.4305114
1,387,51,7,5,1,270,43,3,2,0,142,38,1,0,0,72,35,0,0,0,24,35,0,0,0,158.4930272
1,24,28,0,71,1,15,16,0,52,0,7,3,0,40,0,4,2,0,29,0,1,1,0,20,0,169.0613221
1,26,85,0,221,41,10,46,0,164,26,4,24,0,127,16,4,10,0,93,15,1,3,0,74,10,152.6084641
1,69,389,0,637,29,24,280,0,504,18,9,187,0,377,13,2,139,0,289,9,1,102,0,223,0,154.1525318
1,124,283,0,4587,57,78,220,0,3494,28,37,159,0,2409,15,19,105,0,1592,7,7,68,0,1053,3,91.52421943
1,102,74,0,205,7,41,48,0,153,6,13,31,0,119,5,6,17,0,87,5,2,10,0,63,2,162.3463167
1,215,333,0,579,15,145,226,0,410,12,80,131,0,262,9,33,70,0,172,7,9,27,0,114,5,133.5465333
1,402,1095,0,27,2,201,777,0,22,2,84,522,0,17,1,34,346,0,13,0,11,230,0,10,0,186.3376634
1,226,518,0,365,14,79,301,0,288,9,22,159,0,206,6,2,87,0,141,6,0,46,0,111,3,180.660854
1,166,446,0,70,8,64,278,0,46,5,26,167,0,26,3,6,103,0,15,1,1,63,0,10,1,181.8556163
1,78,525,0,26,52,32,372,0,14,34,12,240,0,11,25,5,153,0,4,15,2,101,0,2,9,228.9431577
1,48,270,0,35,2,17,167,0,26,2,4,96,0,18,2,0,58,0,12,2,0,30,0,8,2,186.9493233
1,4,3,0,16,4,3,2,0,7,2,1,1,0,3,1,1,0,0,1,1,1,0,0,0,0,105.1133508
1,50,176,0,71,2,22,108,0,44,1,4,65,0,27,1,2,47,0,14,1,1,29,0,9,0,191.575594
1,117,380,0,166,7,63,286,0,138,7,35,205,0,105,4,10,149,0,78,2,5,108,0,62,0,191.2878322
1,144,286,0,351,54,77,204,0,186,33,38,141,0,86,22,20,89,0,36,14,7,59,0,16,7,147.6014585
1,83,616,4,84,16,33,496,1,64,13,12,386,0,43,12,2,314,0,28,8,0,260,0,16,7,221.0717457
1,172,38,0,220,13,67,19,0,102,8,25,7,0,50,4,3,3,0,23,2,0,2,0,16,1,170.6951988
1,73,162,0,49,38,32,92,0,33,23,17,44,0,17,15,9,28,0,8,10,1,17,0,5,4,173.8683613
1,184,261,0,73,37,100,178,0,49,30,47,119,0,34,20,20,85,0,23,16,10,60,0,19,11,184.4686486
1,171,266,0,73,71,100,167,0,46,54,51,122,0,33,39,26,78,0,17,21,12,55,0,8,14,185.5942916
1,140,264,0,252,54,65,157,0,140,34,29,93,0,82,19,6,63,0,48,9,1,45,0,26,5,162.379475
1,20,18,0,10,8,7,9,0,7,8,3,6,0,4,7,1,5,0,0,5,0,2,0,0,4,223.3440017
1,435,347,0,161,12,219,191,0,117,9,87,111,0,66,3,30,68,0,42,3,10,50,0,23,1,191.4269865
1,291,281,0,43,14,123,160,0,33,9,58,84,0,22,9,26,59,0,20,6,7,37,0,14,4,208.3042029
1,474,633,0,12,14,308,444,0,6,9,200,307,0,3,6,111,216,0,1,4,52,165,0,1,2,233.2457664
1,87,125,0,641,8,36,67,0,521,5,11,29,0,404,4,1,12,0,305,3,0,4,0,224,3,112.7594423
1,26,146,0,30,59,11,100,0,8,37,7,64,0,4,26,4,41,0,1,9,1,29,0,1,6,179.3184269
1,121,238,0,9,10,66,126,0,5,9,26,61,0,2,9,14,39,0,2,9,4,23,0,0,7,172.3570072
1,1160,464,0,26,35,644,269,0,15,25,304,160,0,9,18,110,98,0,3,12,44,56,0,1,5,164.1262459
1,312,55,0,1,3,265,37,0,1,2,225,17,0,1,2,185,9,0,1,2,136,7,0,1,1,821.6688376
1,52,265,1,19,3,14,157,0,15,3,4,98,0,7,1,1,64,0,3,0,0,38,0,3,0,219.687718
1,103,268,0,22,2,41,150,0,10,2,11,86,0,2,2,3,42,0,1,1,1,27,0,1,1,184.7694098
1,255,370,0,127,17,115,149,0,53,12,37,80,0,23,8,8,43,0,5,7,1,31,0,1,5,197.6507025
1,20,498,0,445,60,6,350,0,318,42,4,234,0,179,26,2,153,0,112,17,0,110,0,79,11,155.6593767
1,203,1544,0,11,6,78,1021,0,7,4,27,635,0,4,3,4,399,0,1,1,1,250,0,0,0,176.7127397
1,20,84,0,115,77,8,43,0,41,59,2,28,0,15,41,2,20,0,5,32,0,14,0,3,21,93.98581199
1,32,304,10,837,17,12,186,1,440,14,0,106,1,164,12,0,65,0,52,8,0,37,0,20,5,103.5756963
1,75,851,0,88,6,31,597,0,71,4,12,410,0,56,4,1,300,0,39,1,0,204,0,31,1,191.7813449
1,250,1368,1,93,6,94,815,0,42,3,26,491,0,16,1,6,299,0,6,0,2,212,0,4,0,159.8687085
1,92,120,1,270,77,47,65,0,144,51,11,28,0,58,30,4,16,0,23,18,0,6,0,10,10,142.0655047
1,298,750,5,32,3,112,518,1,23,3,37,361,1,16,2,12,223,1,11,2,2,152,0,6,0,181.1211135
1,188,304,2,31,2,94,197,1,22,1,44,111,0,20,0,15,73,0,17,0,5,53,0,12,0,173.496971
1,31,373,0,3,1,12,243,0,2,0,4,161,0,1,0,1,100,0,0,0,0,74,0,0,0,217.2753344
1,27,590,0,31,8,8,422,0,21,6,2,290,0,19,2,0,188,0,10,1,0,123,0,6,0,220.5907925
1,22,54,14,325,45,10,30,2,210,33,1,23,0,120,22,0,7,0,65,15,0,4,0,41,10,137.2387834
1,94,76,0,62,20,52,53,0,53,16,19,38,0,41,12,8,27,0,31,10,3,20,0,27,9,166.9990983
1,22,380,1,42,21,10,282,0,24,14,0,225,0,16,9,0,180,0,8,5,0,144,0,5,2,184.2010921
1,249,603,1,272,76,123,333,0,166,46,58,156,0,101,32,19,84,0,58,13,6,45,0,42,7,165.6225263
1,42,73,7,135,3,17,40,4,81,2,6,19,1,42,2,4,10,0,22,2,2,4,0,11,1,161.1384412
1,92,94,50,622,100,50,56,13,452,69,17,31,4,310,43,3,15,0,211,20,0,4,0,156,5,132.8274789
1,12,225,5,72,16,3,159,2,45,13,2,124,0,30,10,0,91,0,20,9,0,69,0,16,7,176.8023354
1,68,319,0,17,37,35,212,0,9,27,10,138,0,5,20,3,85,0,3,15,1,53,0,0,8,187.9202432
1,101,386,0,724,7,40,281,0,394,2,7,206,0,189,2,2,148,0,78,1,0,125,0,34,1,120.9997918
1,57,177,3,412,19,27,119,2,329,15,12,71,1,250,12,5,47,0,194,9,2,30,0,141,7,119.6381602
1,11,83,0,5,2,7,57,0,2,2,4,33,0,0,2,0,22,0,0,1,0,19,0,0,1,464.3494751
1,156,533,0,19,7,75,347,0,10,5,34,222,0,7,4,18,157,0,7,4,8,100,0,3,2,201.6602151
1,914,4,0,53,2,469,4,0,20,2,198,2,0,8,1,48,2,0,4,0,7,2,0,1,0,189.2741702
1,803,3,0,39,2,439,3,0,15,1,188,3,0,2,1,55,3,0,1,0,11,3,0,1,0,184.7737745
1,612,3,1,13,2,335,2,1,5,2,139,1,0,1,1,45,1,0,0,1,12,0,0,0,0,225.7304841
1,1098,12,3,32,1,724,12,2,8,0,374,11,1,3,0,135,10,0,1,0,36,10,0,0,0,156.2661979
1,756,21,2,5,0,422,10,0,3,0,204,5,0,1,0,74,2,0,0,0,17,1,0,0,0,245.3243912
1,2772,12,2,8,0,1951,8,0,2,0,1106,6,0,1,0,439,5,0,1,0,113,5,0,0,0,179.0268382
1,2204,8,0,2,0,1403,7,0,1,0,714,5,0,0,0,293,5,0,0,0,104,4,0,0,0,217.8491825
1,1420,30,10,8,2,939,11,7,6,2,563,6,4,2,2,313,3,3,2,1,147,3,0,1,1,224.380237
1,525,26,2,94,4,329,7,2,49,1,169,4,0,19,0,73,2,0,15,0,29,1,0,7,0,186.9026478
1,1800,0,2,25,2,1286,0,1,5,2,685,0,0,0,2,227,0,0,0,0,55,0,0,0,0,124.9346103
1,885,3,0,10,0,566,0,0,2,0,277,0,0,1,0,93,0,0,0,0,29,0,0,0,0,179.1376598
1,267,43,0,148,2,175,35,0,87,1,89,31,0,53,1,34,29,0,35,1,8,27,0,24,1,149.6177062
1,1087,23,0,9,8,746,10,0,4,5,369,3,0,1,3,133,3,0,0,1,30,2,0,0,1,180.5790928
1,147,8,0,1,1,83,5,0,0,1,40,3,0,0,1,12,3,0,0,1,3,3,0,0,0,187.7363564
1,1594,1,2,17,1,1203,1,0,5,0,746,1,0,2,0,338,0,0,0,0,108,0,0,0,0,159.4883313
1,575,4,2,19,1,351,3,0,4,0,172,3,0,0,0,65,3,0,0,0,12,3,0,0,0,170.0406747
1,1210,5,4,53,6,892,2,3,19,4,523,0,2,6,3,197,0,2,2,1,45,0,2,0,0,161.9183825
1,151,28,0,13,6,66,7,0,10,6,25,3,0,6,4,10,0,0,5,3,2,0,0,4,1,237.0176367
1,529,3,0,19,7,342,2,0,3,6,158,2,0,0,3,64,1,0,0,1,18,0,0,0,0,146.1147349
1,703,3,2,11,0,416,1,1,4,0,201,1,1,0,0,58,0,1,0,0,15,0,1,0,0,175.9591263
1,495,22,0,0,1,276,14,0,0,1,130,10,0,0,0,45,9,0,0,0,11,8,0,0,0,219.6733469
1,1485,15,0,10,0,839,6,0,7,0,371,1,0,1,0,136,0,0,0,0,38,0,0,0,0,222.7676911
1,879,1,1,4,1,518,0,1,1,1,242,0,0,1,0,96,0,0,0,0,19,0,0,0,0,186.3172082
1,108,5,0,3,1,42,2,0,2,1,15,1,0,1,1,4,0,0,1,1,1,0,0,1,1,193.0337462
1,535,12,0,64,2,284,5,0,33,1,115,3,0,13,1,31,2,0,5,1,7,2,0,4,0,187.0692652
1,627,33,15,38,7,303,9,8,20,5,123,2,4,5,3,37,0,1,2,2,9,0,0,2,0,180.9907619
1,210,48,2,305,22,115,41,1,157,15,51,38,0,68,11,17,38,0,32,9,4,38,0,17,6,156.1848408
1,1133,7,0,43,0,735,2,0,16,0,377,0,0,5,0,163,0,0,1,0,46,0,0,0,0,189.0127981
1,622,1,0,71,5,443,1,0,44,3,274,1,0,29,2,127,1,0,14,2,45,0,0,5,1,175.365286
1,827,15,0,1,0,418,4,0,0,0,157,1,0,0,0,41,0,0,0,0,10,0,0,0,0,210.636109
1,992,14,12,49,4,756,7,5,30,2,550,0,3,17,1,332,0,3,6,1,192,0,1,3,1,149.9486484
1,1344,24,49,16,3,832,10,17,9,3,416,1,9,1,3,183,1,2,1,2,57,1,1,1,2,154.9510947
1,3788,0,0,5,0,2700,0,0,2,0,1555,0,0,0,0,655,0,0,0,0,172,0,0,0,0,195.4429556
1,2050,25,1,1,2,1247,13,0,1,0,631,5,0,0,0,221,3,0,0,0,55,2,0,0,0,203.2860793
1,1259,45,5,14,0,822,34,4,12,0,481,26,3,7,0,234,23,1,6,0,97,22,1,5,0,211.190775
1,6111,6,1,5,5,4972,4,1,3,2,3583,4,0,2,2,1985,4,0,1,1,695,4,0,0,0,169.4881061
1,3282,5,6,3,2,2629,2,1,1,2,1730,2,0,1,0,759,1,0,1,0,191,1,0,1,0,141.1467197
1,4799,24,4,6,14,3584,13,1,3,10,2277,7,1,3,5,1132,2,0,3,2,431,1,0,0,0,174.1141391
1,2773,9,4,56,3,1738,5,3,30,1,895,3,0,6,0,365,1,0,1,0,120,1,0,1,0,202.6330053
1,864,15,0,9,2,538,4,0,5,2,280,2,0,2,2,101,2,0,0,1,26,1,0,0,1,207.425479
1,1408,1,0,4,5,1089,1,0,3,4,687,1,0,2,3,308,1,0,1,2,55,1,0,0,2,177.672219
1,2972,8,8,20,0,2342,3,2,9,0,1464,2,1,2,0,592,1,0,1,0,141,1,0,1,0,148.3944273
1,997,15,4,23,7,558,4,1,10,6,241,1,0,3,4,81,1,0,0,2,27,0,0,0,1,198.6560454
1,1848,20,0,11,1,1159,4,0,6,1,567,3,0,1,1,206,3,0,1,1,58,2,0,1,0,199.8986821
1,42,0,0,9,0,22,0,0,3,0,14,0,0,1,0,1,0,0,0,0,0,0,0,0,0,136.1399625
1,2461,5,2,12,0,1649,2,0,6,0,846,1,0,0,0,250,0,0,0,0,50,0,0,0,0,190.4355867
1,1852,2,2,11,2,1427,1,1,2,1,917,0,0,0,1,407,0,0,0,1,104,0,0,0,1,152.0802761
1,2985,18,1,19,3,2172,7,0,7,2,1274,6,0,4,2,526,2,0,3,0,153,1,0,1,0,172.4240223
1,1872,18,34,66,2,1183,12,12,31,1,617,3,1,9,0,240,1,0,2,0,70,1,0,1,0,183.8880714
1,1035,39,3,137,0,596,19,1,74,0,283,17,1,28,0,101,17,1,15,0,25,17,0,8,0,203.5144402
1,573,19,11,33,5,441,17,2,18,3,308,17,1,8,3,169,16,0,4,1,74,16,0,1,1,161.9232062
1,1334,27,1,6,1,897,19,1,3,0,521,14,1,2,0,228,11,0,0,0,53,10,0,0,0,174.933261
1,1532,29,1,13,2,1004,20,0,7,2,563,18,0,0,1,228,17,0,0,0,72,17,0,0,0,205.2290488
1,5974,45,140,16,2,4993,43,53,7,0,3432,40,20,4,0,1705,40,7,0,0,558,40,3,0,0,136.9515581
1,1180,13,7,309,2,925,5,1,185,1,649,3,0,99,1,420,2,0,52,0,243,2,0,31,0,138.3635444
1,684,30,4,10,6,396,24,2,4,4,191,20,1,2,2,71,19,0,0,1,18,19,0,0,1,228.2030026
1,2093,30,0,18,1,1377,12,0,12,0,770,8,0,9,0,360,5,0,5,0,142,4,0,4,0,212.3176513
1,2198,5,1,0,0,1164,4,0,0,0,486,1,0,0,0,136,1,0,0,0,33,1,0,0,0,176.0465009
1,4250,33,21,15,4,3541,29,8,5,1,2588,29,4,2,0,1399,29,0,0,0,499,28,0,0,0,139.2758416
1,329,13,28,9,5,232,11,17,4,4,140,10,9,0,3,60,9,4,0,2,15,9,3,0,0,170.4355118
1,1363,47,0,2,1,660,24,0,2,1,250,14,0,1,1,64,9,0,0,0,12,5,0,0,0,182.5377479
1,296,18,0,57,0,135,8,0,18,0,50,3,0,3,0,14,3,0,1,0,1,1,0,0,0,200.0725598
1,3181,14,15,47,1,2409,9,2,17,0,1427,6,2,11,0,578,1,0,5,0,152,1,0,1,0,142.1838348
1,1111,4,6,7,0,666,3,1,3,0,288,2,0,1,0,91,1,0,0,0,15,1,0,0,0,157.6809089
1,2063,11,0,23,1,1318,5,0,7,1,648,2,0,3,1,230,1,0,1,0,53,1,0,0,0,186.3302981
1,2394,118,11,41,2,1742,67,5,23,2,1081,41,2,8,0,590,24,1,5,0,241,13,0,3,0,167.0392249
1,3470,30,6,27,1,2375,12,2,12,0,1304,5,0,4,0,557,4,0,2,0,182,3,0,2,0,175.4036522
1,992,17,1,29,0,569,9,0,8,0,231,4,0,0,0,63,1,0,0,0,12,0,0,0,0,220.4337466
1,1846,11,9,10,0,1305,4,5,5,0,793,3,1,2,0,377,2,0,2,0,114,2,0,1,0,151.2347471
1,2422,1,3,28,1,1817,0,1,16,1,1138,0,0,5,0,538,0,0,2,0,185,0,0,1,0,170.62307
1,595,9,0,7,1,292,2,0,1,1,102,0,0,0,0,26,0,0,0,0,3,0,0,0,0,205.9641854
1,5343,1,44,7,1,4542,1,17,2,1,3213,1,11,0,0,1546,0,4,0,0,435,0,1,0,0,135.9737344
1,270,371,0,70,54,128,208,0,42,37,42,120,0,25,27,9,70,0,12,15,0,51,0,10,7,250.9675238
1,284,6,36,29,3,163,3,13,9,3,81,2,5,1,3,27,2,0,0,3,11,0,0,0,3,136.8730554
1,778,13,0,4,8,513,6,0,2,5,272,3,0,1,3,99,2,0,0,2,34,0,0,0,2,176.6903552
1,1623,3,3,8,0,1037,1,0,3,0,567,0,0,1,0,198,0,0,0,0,47,0,0,0,0,145.1045755
1,2886,12,2,8,0,2150,7,1,1,0,1333,3,0,0,0,575,1,0,0,0,167,0,0,0,0,173.4743973
1,2166,28,0,7,2,1417,21,0,3,1,736,17,0,1,1,295,15,0,1,1,85,13,0,1,0,212.01243
1,1311,53,9,133,8,739,26,3,99,8,362,13,2,71,6,144,10,1,48,6,45,4,1,36,2,209.0396721
1,4469,17,0,20,34,3210,8,0,5,23,1857,5,0,0,17,739,3,0,0,8,209,2,0,0,6,171.6768403
1,1209,11,1,6,1,754,3,0,2,0,412,2,0,0,0,150,0,0,0,0,39,0,0,0,0,210.1159083
1,1615,75,11,51,33,1162,43,5,37,28,737,27,1,27,21,417,21,0,19,14,209,13,0,10,10,161.3117448
1,68,58,0,177,6,38,46,0,74,3,13,39,0,44,0,5,37,0,21,0,0,34,0,13,0,81.79089391
1,1040,20,4,159,1,699,16,2,82,0,384,13,1,40,0,137,10,1,20,0,34,10,1,11,0,143.1126667
1,2636,53,6,89,4,1890,45,2,54,1,1180,39,0,27,0,616,36,0,13,0,263,30,0,9,0,174.2793116
1,3016,23,2,2,3,2332,19,2,1,3,1581,16,1,0,2,758,14,1,0,2,224,14,1,0,1,166.5058874
1,1135,6,0,1,0,662,2,0,0,0,290,0,0,0,0,77,0,0,0,0,14,0,0,0,0,227.9665517
1,2791,16,0,139,1,1920,5,0,65,0,1081,1,0,35,0,475,1,0,11,0,156,0,0,5,0,217.9321806
1,5593,1,31,31,8,4807,1,4,8,8,3689,1,1,2,2,2426,1,1,0,1,1153,1,0,0,0,125.0895197
1,5180,13,0,4,3,3956,6,0,1,3,2444,0,0,0,1,1131,0,0,0,0,391,0,0,0,0,155.2904843
1,1239,10,161,323,8,840,3,56,185,4,489,2,18,92,2,238,1,6,43,1,78,0,1,19,0,122.4407226
1,2610,4,0,13,1,1754,4,0,2,0,939,1,0,0,0,351,1,0,0,0,86,1,0,0,0,190.4874497
1,1191,41,0,18,9,876,24,0,8,5,601,16,0,4,2,340,10,0,2,0,176,8,0,0,0,225.3734132
1,793,15,0,49,4,568,10,0,27,2,382,6,0,21,2,213,4,0,15,0,86,3,0,8,0,178.8832601
1,3160,7,8,27,4,2512,4,0,12,1,1792,3,0,5,0,1079,2,0,2,0,514,1,0,2,0,149.9065748
1,3219,0,4,64,0,2334,0,2,13,0,1399,0,1,6,0,640,0,0,3,0,207,0,0,1,0,166.7807961
1,4672,6,2,134,0,3815,3,1,69,0,2814,1,1,37,0,1809,1,0,16,0,983,1,0,7,0,135.7912929
1,4126,1,0,6,5,3144,1,0,2,2,2071,1,0,0,2,1068,0,0,0,1,386,0,0,0,0,163.1541068
1,4188,1,4,125,2,3111,0,1,51,0,2031,0,0,10,0,1063,0,0,4,0,425,0,0,2,0,132.551404
1,2200,36,8,290,1,1548,15,4,243,1,993,10,2,182,0,544,5,0,128,0,233,3,0,98,0,189.4588583
1,2207,2,0,2,0,1540,0,0,0,0,949,0,0,0,0,497,0,0,0,0,186,0,0,0,0,205.5637126
1,4306,81,7,191,11,3092,43,4,156,7,2079,24,1,112,3,1226,16,0,75,3,625,12,0,56,2,180.7161427
1,1667,21,0,33,0,1272,7,0,19,0,850,2,0,9,0,467,1,0,3,0,210,1,0,1,0,176.9610721
1,564,6,0,12,0,403,4,0,3,0,234,3,0,2,0,96,2,0,0,0,24,0,0,0,0,122.4937359
1,1582,16,0,8,2,910,9,0,2,1,397,7,0,1,0,122,3,0,1,0,26,2,0,0,0,182.4115882
1,671,27,1,140,9,496,19,0,69,3,335,11,0,38,1,228,10,0,15,0,166,7,0,7,0,175.3749418
1,586,10,2,10,3,386,4,0,3,2,221,2,0,2,1,79,0,0,0,1,27,0,0,0,1,206.3248976
1,138,36,0,70,0,85,20,0,32,0,49,12,0,12,0,21,7,0,6,0,10,5,0,1,0,179.2546313
1,1832,51,9,69,8,1286,17,3,41,4,834,10,2,25,4,504,6,1,11,2,251,2,0,5,0,167.9830571
1,443,18,0,82,3,268,7,0,20,2,152,4,0,5,2,66,3,0,0,1,21,2,0,0,0,157.8621728
1,488,1,1,13,2,355,0,0,5,1,223,0,0,0,1,104,0,0,0,1,39,0,0,0,0,163.3600988
1,2441,28,3,14,4,1830,12,2,8,3,1304,5,1,2,2,834,3,0,1,2,465,1,0,0,1,166.4058336
1,1683,0,3,4,0,1181,0,0,2,0,655,0,0,0,0,240,0,0,0,0,52,0,0,0,0,122.5207069
1,1787,6,2,8,1,1208,3,1,3,1,662,1,1,2,1,292,1,0,0,1,94,1,0,0,1,164.2654656
1,3231,1,14,56,3,2794,0,5,22,1,2133,0,1,9,1,1291,0,0,2,0,581,0,0,0,0,136.9795117
1,1215,14,0,8,2,824,6,0,6,2,497,1,0,4,2,256,0,0,1,2,95,0,0,1,2,216.7500679
1,521,15,0,391,2,366,1,0,221,2,211,0,0,88,2,99,0,0,23,2,36,0,0,11,0,234.4915879
1,907,13,10,151,1,671,7,2,90,0,457,4,0,44,0,272,3,0,21,0,124,3,0,13,0,149.55879
1,964,97,5,37,19,656,54,0,24,13,401,32,0,15,10,241,14,0,9,8,127,5,0,6,4,207.768524
1,4615,17,4,6,1,3448,6,3,5,1,2198,4,2,3,1,1052,2,0,0,0,391,2,0,0,0,188.8787917
1,2088,0,16,25,3,1669,0,4,11,1,1144,0,3,5,1,630,0,0,1,0,265,0,0,1,0,155.8650567
1,1156,2,0,7,2,838,2,0,2,1,470,2,0,1,0,200,1,0,0,0,57,0,0,0,0,155.4824582
1,2121,2,2,4,0,1404,1,0,1,0,755,0,0,0,0,274,0,0,0,0,57,0,0,0,0,205.7015398
1,1519,9,4,25,0,1164,4,1,14,0,750,2,0,5,0,380,2,0,1,0,129,2,0,1,0,136.0419226
1,2009,17,9,1,3,1226,9,2,0,1,578,1,0,0,0,185,0,0,0,0,50,0,0,0,0,190.9424822
1,1863,3,19,14,0,1473,1,5,8,0,1046,1,0,5,0,598,0,0,2,0,281,0,0,0,0,130.6027786
1,1260,2,79,89,3,836,0,28,22,2,445,0,13,3,1,161,0,3,1,1,24,0,1,0,1,128.9714957
1,304,13,1,78,1,189,8,0,34,1,88,5,0,19,1,34,4,0,6,1,6,3,0,0,0,189.2639749
1,571,19,3,37,2,413,17,0,16,2,225,16,0,7,2,98,14,0,5,2,43,13,0,5,2,186.5710999
1,688,31,12,940,10,483,13,5,593,5,280,11,3,359,1,156,8,1,190,0,60,5,0,103,0,143.5659928
1,695,78,5,154,13,357,46,1,78,6,166,26,1,30,3,55,22,0,13,2,15,19,0,7,0,213.3224784
1,552,53,0,115,1,357,34,0,35,1,198,20,0,12,0,97,5,0,1,0,35,2,0,0,0,228.4991534
1,1959,36,5,17,6,1310,16,3,10,5,776,7,1,5,3,371,5,0,3,1,150,5,0,3,0,224.5174306
1,878,42,13,309,16,546,22,3,176,12,331,11,1,104,9,161,4,1,47,0,67,3,1,22,0,146.1135226
1,1074,19,3,2,5,635,7,1,1,2,303,3,1,0,1,111,2,0,0,1,28,0,0,0,0,220.208285
1,3217,29,1,50,0,2168,10,0,39,0,1280,3,0,28,0,645,0,0,19,0,261,0,0,15,0,265.0472379
1,1834,55,2,195,5,1119,19,1,96,2,597,8,1,38,1,268,2,0,17,1,101,1,0,5,0,226.4247799
1,5553,5,25,29,7,4602,0,6,9,6,3287,0,1,1,3,1833,0,0,1,3,703,0,0,1,2,122.9248066
1,2754,41,8,12,1,1993,28,1,2,1,1113,22,1,0,1,503,12,1,0,1,148,10,1,0,0,166.4015732
1,2486,23,8,62,0,1749,18,3,26,0,1064,10,0,7,0,541,5,0,2,0,224,4,0,2,0,161.919866
1,1380,7,1,9,0,927,1,0,6,0,539,0,0,3,0,280,0,0,2,0,112,0,0,1,0,213.4125121
1,2676,3,0,30,3,1980,2,0,21,3,1241,1,0,5,2,604,1,0,1,1,211,1,0,0,1,222.5203161
1,1403,5,0,35,3,1068,1,0,12,1,750,0,0,6,1,357,0,0,0,1,138,0,0,0,1,166.8430705
1,6466,5,1,4,3,5526,4,1,2,1,4208,4,1,1,1,2571,3,1,0,0,1212,3,1,0,0,171.065283
1,1675,13,0,4,1,1041,6,0,1,1,511,2,0,0,0,177,1,0,0,0,25,1,0,0,0,221.6094825
1,2606,1,51,63,0,1999,1,17,34,0,1340,0,9,18,0,714,0,3,5,0,225,0,0,3,0,118.1340244
1,2255,19,15,30,1,1495,6,7,8,0,831,3,4,1,0,340,0,1,1,0,93,0,0,1,0,191.8027485
1,1626,15,0,7,0,992,7,0,2,0,502,2,0,1,0,194,0,0,0,0,63,0,0,0,0,187.8913986
1,1970,32,12,32,6,1217,14,6,12,3,618,2,2,3,3,217,1,1,0,1,59,0,0,0,1,218.4367613
1,2719,1,58,13,6,2170,1,18,7,2,1476,1,5,3,1,730,1,3,3,1,226,0,2,1,0,138.9573112
1,1278,92,1,84,1,913,71,1,34,0,564,58,1,12,0,278,50,0,8,0,91,45,0,1,0,182.6912156
1,1186,9,4,10,0,935,3,1,3,0,648,3,1,1,0,329,2,1,0,0,125,2,1,0,0,165.6128569
1,1139,43,12,399,6,685,13,4,295,2,374,3,3,182,1,192,1,1,116,1,75,1,1,60,0,187.1454147
1,473,212,44,164,11,258,132,16,117,9,141,77,9,77,4,57,35,3,53,0,18,22,2,35,0,175.5817611
1,2327,4,1,4,0,1599,2,1,4,0,915,1,1,3,0,400,1,0,1,0,128,1,0,0,0,197.4286542
1,2327,9,0,1,0,1441,5,0,0,0,729,1,0,0,0,254,0,0,0,0,52,0,0,0,0,224.0679971
1,333,7,0,3,0,212,0,0,0,0,115,0,0,0,0,33,0,0,0,0,7,0,0,0,0,198.4647949
1,3900,5,0,29,5,3338,2,0,14,3,2541,0,0,7,1,1606,0,0,2,1,756,0,0,0,1,157.2518592
1,1727,25,7,6,2,983,7,1,2,0,429,0,1,0,0,136,0,0,0,0,22,0,0,0,0,213.1213286
1,2687,19,2,31,0,1769,9,1,15,0,935,3,0,7,0,394,1,0,2,0,112,0,0,1,0,231.9289954
1,4009,2,2,7,0,3001,1,0,4,0,1844,1,0,2,0,783,1,0,1,0,174,0,0,0,0,167.1395621
1,2142,4,1,4,0,1695,1,0,0,0,1134,1,0,0,0,521,0,0,0,0,162,0,0,0,0,163.9109365
1,1020,13,1,21,1,708,7,0,10,1,428,3,0,3,1,226,0,0,3,1,100,0,0,1,0,162.0654353
1,6629,0,4,7,6,5810,0,1,2,2,4434,0,0,1,1,2519,0,0,1,0,941,0,0,1,0,132.9001379
1,2944,6,0,10,2,2035,4,0,2,1,1144,3,0,0,1,448,2,0,0,1,108,0,0,0,1,163.8564066
1,1479,12,0,88,1,1016,3,0,48,1,611,1,0,26,0,317,1,0,12,0,125,0,0,5,0,196.5258145
1,2181,116,7,90,18,1416,58,3,66,13,789,28,2,44,9,407,12,1,28,4,159,3,1,20,4,191.108411
1,1738,2,5,68,2,1318,1,1,36,1,849,1,0,21,1,449,1,0,9,1,195,0,0,6,1,202.2986766
1,1598,3,0,2,1,1012,2,0,1,1,513,1,0,1,1,178,0,0,0,0,46,0,0,0,0,186.5925521
1,1264,1,12,67,0,923,0,2,24,0,571,0,0,4,0,275,0,0,2,0,98,0,0,2,0,132.0942909
1,637,5,0,48,4,437,3,0,14,2,250,2,0,6,0,113,1,0,1,0,39,1,0,1,0,144.2498668
1,3944,6,1,11,9,3007,4,0,4,5,1866,3,0,1,3,913,3,0,0,3,268,2,0,0,0,139.9850781
1,1220,2,3,7,1,874,1,2,1,1,519,1,0,0,0,193,1,0,0,0,37,1,0,0,0,143.5743584
1,1030,43,0,5,1,696,15,0,2,1,396,8,0,0,1,175,6,0,0,1,59,2,0,0,1,217.8587485
1,3339,4,1,1,0,2296,0,1,0,0,1193,0,0,0,0,385,0,0,0,0,64,0,0,0,0,210.9452434
1,4743,6,5,6,1,3376,1,3,2,0,1857,1,0,0,0,640,0,0,0,0,147,0,0,0,0,164.8487066
1,630,15,0,30,1,373,10,0,7,1,182,6,0,1,1,64,1,0,1,0,11,0,0,0,0,223.9393695
1,2725,0,1,21,0,2156,0,0,7,0,1427,0,0,2,0,658,0,0,0,0,210,0,0,0,0,159.3693124
1,613,4,0,42,0,433,0,0,17,0,274,0,0,5,0,143,0,0,0,0,50,0,0,0,0,191.8460879
1,1890,131,0,55,20,1261,89,0,27,6,701,60,0,7,2,347,49,0,3,0,120,37,0,1,0,187.8826838
1,2876,27,0,9,0,1739,6,0,5,0,702,0,0,4,0,193,0,0,1,0,46,0,0,1,0,214.6647986
1,2167,1,0,10,0,1574,0,0,1,0,875,0,0,1,0,362,0,0,0,0,109,0,0,0,0,219.2274003
1,1406,2,1,6,2,1183,1,1,3,2,894,0,0,1,1,577,0,0,0,0,247,0,0,0,0,147.3670405
1,2120,5,0,55,3,1661,3,0,13,2,1109,2,0,4,1,576,2,0,2,1,231,1,0,2,1,159.4927931
1,982,14,0,3,0,597,8,0,1,0,293,6,0,0,0,94,3,0,0,0,17,3,0,0,0,214.6833259
1,6574,19,0,4,0,5204,5,0,1,0,3446,2,0,0,0,1792,0,0,0,0,687,0,0,0,0,172.5102152
1,2924,2,4,15,2,2298,0,1,6,2,1478,0,0,3,1,731,0,0,2,1,266,0,0,2,1,174.7919443
1,2548,26,1,1,0,1659,9,0,1,0,819,6,0,1,0,271,2,0,0,0,50,1,0,0,0,191.8618046
1,3282,9,0,6,0,2438,3,0,2,0,1541,1,0,0,0,761,1,0,0,0,279,0,0,0,0,211.9681478
1,1262,4,2,295,5,873,1,1,102,4,559,0,0,25,1,306,0,0,5,1,118,0,0,1,1,105.1983717
1,3492,206,2,10,4,2765,130,0,3,3,1897,79,0,3,2,1108,51,0,1,1,521,33,0,0,1,168.9131141
1,2203,5,13,93,6,1654,3,4,55,3,1063,1,0,29,1,559,1,0,14,0,220,1,0,8,0,158.2512335
1,3385,46,1,12,1,2393,13,0,8,1,1463,7,0,6,0,777,4,0,1,0,323,1,0,1,0,216.2538154
1,4968,2,2,7,4,4190,0,1,1,2,3053,0,0,1,1,1809,0,0,1,1,781,0,0,0,1,175.3605857
1,6256,0,18,31,3,5212,0,9,16,3,3590,0,1,4,2,1774,0,1,2,1,583,0,0,1,0,145.8498719
1,302,27,8,23,3,188,13,2,21,0,108,11,1,13,0,65,6,0,6,0,36,4,0,4,0,224.3133909
1,3255,10,0,3,4,1911,5,0,1,2,897,1,0,0,0,295,0,0,0,0,59,0,0,0,0,218.7698764
1,2083,35,0,0,7,1341,22,0,0,2,697,9,0,0,2,274,3,0,0,1,59,2,0,0,1,209.4109357
1,500,27,1,0,5,264,13,0,0,3,115,8,0,0,2,30,3,0,0,1,4,2,0,0,1,224.8561637
1,5843,6,5,22,15,4885,2,1,9,8,3593,1,1,4,4,2023,1,0,0,3,701,1,0,0,2,141.9960578
1,4545,5,10,70,4,3684,2,4,30,2,2644,0,0,8,1,1400,0,0,2,1,490,0,0,0,0,129.6633947
1,3293,21,0,0,1,2413,11,0,0,1,1478,3,0,0,0,710,2,0,0,0,231,0,0,0,0,199.123092
1,722,2,0,9,3,417,2,0,3,1,220,2,0,1,0,88,0,0,0,0,29,0,0,0,0,208.3235281
1,2144,13,3,9,1,1517,6,0,6,1,970,3,0,2,1,494,1,0,1,1,177,1,0,0,0,191.2163556
1,6433,2,4,3,0,5278,0,1,0,0,3530,0,0,0,0,1539,0,0,0,0,368,0,0,0,0,159.2156909
1,1044,3,3,12,3,793,2,2,5,1,526,2,1,2,1,265,0,0,0,1,90,0,0,0,1,191.9268684
1,1080,14,0,0,27,695,9,0,0,13,382,8,0,0,5,147,7,0,0,3,53,6,0,0,0,237.9037882
1,351,4,40,228,3,169,3,19,94,1,64,2,8,31,1,13,2,2,10,0,2,1,2,4,0,115.7238012
1,2535,17,1,181,1,2114,7,0,117,1,1509,5,0,67,1,774,2,0,32,1,277,2,0,22,0,143.5896676
1,3968,9,73,44,3,3363,0,37,28,3,2644,0,18,16,2,1826,0,10,7,2,1088,0,3,6,0,153.6656877
1,3479,60,13,9,0,2447,38,5,3,0,1384,26,2,2,0,592,20,0,1,0,174,14,0,1,0,158.7196553
1,6916,17,45,50,16,6176,7,25,30,13,5151,4,13,21,10,3831,3,8,11,9,2547,3,3,7,7,179.407141
1,1747,7,0,1,4,1121,6,0,0,2,598,5,0,0,2,223,2,0,0,2,75,2,0,0,1,221.1229638
1,2492,13,1,13,2,1955,7,0,6,2,1358,2,0,1,1,821,1,0,0,0,418,0,0,0,0,234.1894333
1,15739,5,22,51,23,14113,2,8,20,7,11813,2,4,12,1,8913,1,3,3,1,5867,1,3,2,0,143.4218343
1,1585,33,0,14,2,1028,19,0,7,1,580,10,0,3,1,255,9,0,2,1,81,7,0,1,1,210.8998213
1,1134,13,14,58,0,874,6,2,43,0,594,5,0,17,0,371,4,0,11,0,162,1,0,5,0,169.555232
1,4765,1,9,9,3,4006,1,1,1,2,2822,0,0,0,2,1349,0,0,0,2,369,0,0,0,1,136.1163964
1,2462,10,6,26,1,1848,5,4,5,1,1210,1,4,0,1,577,0,2,0,0,200,0,0,0,0,145.7769086
1,832,23,0,9,1,587,11,0,1,1,333,3,0,0,1,149,3,0,0,1,49,2,0,0,0,182.1920326
1,3718,89,28,31,11,2859,54,16,22,5,1991,43,7,14,4,1135,33,2,9,2,532,28,0,9,1,166.9569182
1,215,5,14,15,16,146,4,9,9,10,84,2,6,4,7,52,2,3,2,5,24,1,1,2,2,217.6200671
1,4240,5,0,1,1,2907,1,0,0,0,1479,0,0,0,0,463,0,0,0,0,82,0,0,0,0,186.7483733
1,2945,6,10,354,2,2552,1,4,239,1,2029,0,1,153,0,1368,0,0,91,0,740,0,0,60,0,150.0136441
1,599,2,6,17,0,365,0,1,7,0,194,0,0,2,0,74,0,0,1,0,22,0,0,0,0,165.4487552
1,1493,16,2,22,5,1083,4,2,14,4,702,1,0,9,3,402,0,0,7,2,181,0,0,3,2,222.3015874
1,6935,14,4,23,2,5593,4,2,7,0,3676,3,1,3,0,1698,2,0,0,0,490,2,0,0,0,138.5223132
1,931,4,12,62,2,678,0,9,35,2,445,0,5,20,1,266,0,3,14,1,124,0,2,8,1,196.0966504
1,1871,13,1,14,3,1431,4,0,6,3,993,0,0,2,3,546,0,0,1,2,250,0,0,0,2,231.0346893
1,2782,9,7,14,0,1937,6,2,7,0,1088,2,0,1,0,423,1,0,0,0,79,1,0,0,0,186.6170249
1,1838,109,2,51,4,1135,67,0,30,3,536,48,0,13,3,189,40,0,6,3,45,36,0,4,2,225.3670617
1,3002,3,0,227,2,2567,0,0,90,2,1919,0,0,24,1,1112,0,0,5,0,494,0,0,1,0,164.4705008
1,1531,0,1,2,0,924,0,0,1,0,428,0,0,0,0,146,0,0,0,0,39,0,0,0,0,196.1152926
1,1107,5,1,10,1,866,1,0,3,0,588,1,0,2,0,305,1,0,1,0,126,0,0,1,0,188.336405
1,1972,30,25,190,6,1538,16,7,123,1,1082,10,1,71,1,668,5,0,41,0,305,3,0,21,0,119.4949766
1,3611,0,27,15,6,2940,0,8,4,3,2154,0,1,1,2,1291,0,0,1,1,572,0,0,0,1,135.059086
1,1492,67,0,24,2,1110,53,0,11,1,714,45,0,4,1,358,36,0,1,0,125,33,0,1,0,163.1313791
1,848,4,1,7,0,623,2,0,3,0,403,1,0,0,0,199,0,0,0,0,75,0,0,0,0,198.6697352
1,4893,98,2,7,5,3402,51,1,2,4,1934,33,0,2,1,861,21,0,1,0,289,14,0,0,0,217.7399984
1,2950,47,0,0,5,1982,17,0,0,3,1064,11,0,0,0,468,7,0,0,0,157,4,0,0,0,212.9731055
1,8518,6,841,63,33,7292,3,431,45,24,5703,1,212,33,17,4066,1,89,22,9,2468,1,37,19,7,113.0798528
1,2922,7,59,110,21,2328,2,23,61,14,1642,1,13,22,8,985,0,5,5,5,483,0,2,3,2,140.9582313
1,1965,7,3,2,3,1194,3,1,2,1,566,0,0,0,1,191,0,0,0,1,40,0,0,0,1,214.7519974
1,4235,2,23,113,9,3242,1,8,65,5,1989,0,0,37,1,939,0,0,22,0,335,0,0,13,0,172.8452572
1,1348,8,3,22,9,953,5,1,5,3,522,4,0,2,2,179,2,0,0,0,49,0,0,0,0,130.8163229
1,466,1,20,12,1,346,0,9,2,0,236,0,3,1,0,132,0,1,0,0,61,0,0,0,0,142.7871593
1,690,11,1,4,2,411,8,0,1,1,206,7,0,1,1,68,5,0,0,1,18,4,0,0,0,230.1707576
1,321,4,0,1,2,176,1,0,1,2,88,0,0,1,1,25,0,0,1,1,7,0,0,0,0,197.432976
1,5582,12,1,4,0,4267,7,1,2,0,2520,5,0,1,0,998,3,0,0,0,239,2,0,0,0,153.8077999
1,1485,11,1,1,17,1082,7,0,1,10,653,3,0,0,6,283,1,0,0,4,84,1,0,0,0,182.5588602
1,3322,8,1,53,0,2568,3,0,27,0,1780,1,0,16,0,983,1,0,9,0,412,1,0,4,0,158.9127849
1,1807,22,1,3,1,1148,13,0,0,0,564,8,0,0,0,207,5,0,0,0,48,4,0,0,0,208.205368
1,2304,2,0,3,0,1612,1,0,2,0,972,0,0,1,0,449,0,0,0,0,145,0,0,0,0,215.5080611
1,7750,1,53,7,19,6670,1,15,2,11,5122,0,3,1,7,3272,0,0,0,2,1642,0,0,0,1,130.7075816
1,6977,3,77,9,5,6042,1,35,1,3,4490,1,12,0,0,2384,0,4,0,0,814,0,1,0,0,139.6218053
1,1331,0,0,2,0,921,0,0,2,0,444,0,0,1,0,150,0,0,1,0,28,0,0,1,0,179.7626186
1,1071,30,0,0,7,773,14,0,0,3,492,7,0,0,2,238,1,0,0,2,80,1,0,0,1,193.0239655
1,4354,35,54,89,2,3709,26,30,57,2,2766,18,17,39,2,1648,13,9,22,1,778,12,5,13,1,167.6422911
1,977,429,8,53,3,640,288,2,28,2,374,185,0,15,2,196,117,0,8,1,98,86,0,5,0,245.4768155
1,2418,20,0,16,0,1798,10,0,10,0,1144,8,0,5,0,623,5,0,3,0,267,4,0,2,0,194.43685
1,1144,26,3,105,2,864,15,1,84,2,574,9,0,64,1,345,8,0,43,1,180,4,0,29,0,156.3307327
1,3022,19,1,8,0,2159,6,0,2,0,1271,1,0,1,0,628,1,0,1,0,219,1,0,1,0,187.5463137
1,893,97,0,410,2,547,56,0,318,1,304,26,0,235,0,120,15,0,159,0,40,8,0,118,0,184.9262952
1,1468,1,2,3,0,1089,0,0,0,0,667,0,0,0,0,281,0,0,0,0,72,0,0,0,0,145.725776
1,643,8,0,3,0,398,4,0,3,0,205,1,0,2,0,104,0,0,2,0,31,0,0,1,0,218.1767475
1,1058,55,0,17,1,735,24,0,16,0,488,11,0,13,0,311,6,0,10,0,177,2,0,8,0,237.0134869
1,4775,19,0,4,0,3197,12,0,1,0,1811,7,0,1,0,807,3,0,0,0,316,1,0,0,0,210.5350425
1,922,7,0,16,0,609,3,0,7,0,323,2,0,4,0,142,1,0,1,0,35,1,0,0,0,230.8027926
1,5301,10,6,164,3,4245,1,1,88,2,2896,0,1,47,2,1565,0,1,19,2,570,0,0,5,2,175.336013
1,1086,27,0,32,2,729,15,0,15,1,391,7,0,5,0,143,6,0,2,0,38,4,0,1,0,193.5625577
1,333,8,5,64,3,188,4,2,36,0,89,1,0,18,0,42,1,0,10,0,20,1,0,4,0,217.2443557
1,23,199,0,8,2,9,134,0,6,1,1,95,0,3,0,0,64,0,2,0,0,36,0,1,0,251.8490291
1,448,388,2,9,0,225,317,0,4,0,92,258,0,2,0,28,200,0,0,0,7,153,0,0,0,237.5334228
1,4736,11,2,13,2,3266,3,2,9,2,1904,2,2,5,0,943,2,0,2,0,337,1,0,1,0,247.3645346
1,329,11,0,10,3,214,4,0,3,3,115,3,0,2,2,40,0,0,2,0,13,0,0,0,0,215.3768846
1,6138,24,2,72,2,5169,9,1,53,1,3741,5,0,34,1,2209,2,0,27,0,999,0,0,18,0,163.0887078
1,661,7,2,22,1,490,4,0,14,0,330,0,0,6,0,203,0,0,4,0,108,0,0,2,0,227.2881962
1,316,1,4,16,0,228,1,1,4,0,144,0,0,3,0,75,0,0,0,0,25,0,0,0,0,151.4259627
1,372,25,12,3,6,204,16,2,2,4,95,10,1,1,3,45,6,1,0,1,17,5,0,0,0,168.3405049
1,378,136,0,20,0,256,115,0,17,0,162,90,0,14,0,91,71,0,14,0,47,56,0,13,0,228.3517216
1,668,22,0,12,1,406,16,0,5,0,214,11,0,1,0,90,10,0,1,0,26,7,0,1,0,177.5012918
1,11239,18,37,44,18,9935,9,17,36,12,7871,7,7,24,6,5339,5,3,15,5,2981,4,1,12,1,154.5215232
1,5416,158,2,55,7,3680,74,1,42,4,2143,40,1,34,3,1053,22,0,25,1,400,12,0,12,1,198.9838228
1,1470,61,0,4,1,872,30,0,3,1,448,16,0,2,0,178,6,0,2,0,53,6,0,2,0,239.8267912
1,1542,31,0,1,0,807,10,0,0,0,338,4,0,0,0,110,3,0,0,0,33,2,0,0,0,210.949235
1,1089,42,5,121,4,701,30,1,102,4,382,21,0,66,3,173,15,0,47,3,77,11,0,27,3,181.1705001
1,823,3,0,8,0,493,2,0,2,0,214,1,0,1,0,50,1,0,1,0,11,1,0,0,0,165.8870166
1,2139,4,2,0,0,1834,0,0,0,0,1431,0,0,0,0,1013,0,0,0,0,631,0,0,0,0,181.7281885
1,4424,22,6,11,4,3145,13,3,7,2,1807,10,2,2,1,815,8,1,1,1,281,6,1,0,1,160.9036367
1,429,19,6,2,2,277,13,1,0,2,165,9,0,0,0,84,6,0,0,0,33,5,0,0,0,220.3633478
1,947,31,8,35,2,797,25,3,24,2,638,15,1,16,2,449,6,1,12,1,285,3,0,8,1,143.6803102
1,695,28,3,3,1,401,14,2,3,0,159,9,1,2,0,49,3,0,1,0,18,3,0,0,0,167.5872507
1,1408,111,94,105,4,1119,108,30,68,4,805,103,13,42,3,533,98,5,19,2,280,98,2,6,1,140.1055453
1,0,9,0,39,791,0,7,0,14,673,0,4,0,3,549,0,4,0,1,443,0,4,0,0,335,543.6966878
1,849,54,0,0,0,420,24,0,0,0,161,20,0,0,0,50,13,0,0,0,14,7,0,0,0,181.5820569
1,2414,5,19,7,0,1791,1,9,3,0,1108,0,0,2,0,587,0,0,2,0,246,0,0,2,0,167.6051669
1,428,132,3,43,1,282,89,1,36,0,155,53,0,28,0,81,37,0,18,0,43,18,0,12,0,225.9351984
1,1196,35,1,34,2,896,20,1,23,0,595,8,0,8,0,359,2,0,7,0,169,2,0,3,0,218.8209525
1,5198,3,43,17,0,4690,1,15,12,0,3989,1,2,6,0,3103,1,1,5,0,2060,0,0,2,0,143.3999499
1,1132,2,1,5,2,867,1,0,1,1,541,0,0,0,1,215,0,0,0,0,54,0,0,0,0,176.0095189
1,908,64,2,100,1,656,36,2,65,1,367,21,0,48,1,208,15,0,29,1,94,10,0,16,0,189.9333657
1,724,21,4,15,4,511,16,3,8,3,284,14,1,4,2,133,11,1,3,2,53,8,1,0,1,214.2389513
1,5256,42,1,10,1,4820,40,1,7,0,4079,37,0,2,0,3068,37,0,2,0,1939,37,0,1,0,111.3192286
1,2328,18,70,8,0,2011,12,19,6,0,1565,11,4,4,0,1046,10,0,3,0,609,10,0,2,0,144.3286868
1,4031,1,42,55,1,3440,0,12,43,1,2549,0,4,24,1,1532,0,2,13,0,639,0,1,8,0,154.0748781
1,1248,0,16,74,6,983,0,5,32,2,623,0,0,18,1,307,0,0,8,0,85,0,0,3,0,126.3151154
1,1879,3,1,51,0,1573,1,0,44,0,1221,1,0,33,0,877,0,0,24,0,570,0,0,16,0,193.0869662
1,788,7,19,66,4,478,3,6,26,3,257,0,4,11,1,99,0,0,5,0,29,0,0,3,0,155.6487088
1,4460,13,1,5,1,3657,4,1,3,0,2596,0,0,1,0,1335,0,0,1,0,427,0,0,0,0,183.7466991
1,3794,1,5,6,0,3237,1,1,1,0,2360,0,1,0,0,1295,0,0,0,0,451,0,0,0,0,144.2316764
1,1476,4,1,96,0,1249,2,0,42,0,993,1,0,18,0,726,0,0,10,0,448,0,0,4,0,179.7679984
1,1569,3,6,57,2,1330,1,3,33,1,1019,0,2,14,0,646,0,2,4,0,366,0,1,3,0,162.918197
1,1811,134,11,82,10,1378,84,2,64,6,985,36,2,57,3,630,17,0,51,2,389,11,0,40,0,211.1237926
1,5524,8,0,6,0,3570,5,0,2,0,1764,0,0,1,0,643,0,0,1,0,165,0,0,0,0,227.7744632
1,3646,5,0,20,2,2874,2,0,4,2,1894,1,0,1,1,862,1,0,0,1,258,1,0,0,0,164.3771045
1,1625,34,7,7,28,1083,13,3,2,26,576,4,2,1,21,231,3,0,1,18,75,1,0,0,12,176.6609167
1,1745,3,3,2,0,1234,2,2,1,0,715,1,1,1,0,273,0,0,0,0,87,0,0,0,0,191.5162355
1,0,37,0,9352,0,0,25,0,4971,0,0,19,0,1383,0,0,14,0,399,0,0,13,0,179,0,84.7588667
1,2504,28,1,86,0,1922,17,0,55,0,1235,13,0,32,0,635,12,0,18,0,240,9,0,8,0,168.6471943
1,8454,4,160,56,19,7237,2,70,31,15,5617,2,38,14,14,3778,0,23,7,13,2058,0,13,2,7,131.161179
1,1451,5,0,11,0,1075,2,0,3,0,678,1,0,0,0,342,1,0,0,0,132,0,0,0,0,208.2225416
1,1994,5,0,10,0,1365,3,0,5,0,724,3,0,3,0,305,0,0,0,0,100,0,0,0,0,222.4975623
1,2355,50,0,17,2,1904,24,0,9,2,1420,15,0,6,0,949,13,0,3,0,549,8,0,2,0,213.2809008
1,686,43,0,17,2,452,13,0,7,0,256,6,0,4,0,127,2,0,1,0,47,2,0,0,0,208.9220347
1,311,4,2,45,2,214,3,1,15,0,104,1,1,6,0,39,0,1,4,0,9,0,0,2,0,155.1199285
1,1751,23,0,18,0,1110,9,0,6,0,546,5,0,0,0,200,3,0,0,0,61,2,0,0,0,229.2112001
1,763,7,7,102,7,457,0,5,52,3,252,0,1,17,2,87,0,0,9,0,32,0,0,3,0,196.019971
1,2954,16,3,267,0,2494,5,1,194,0,1927,1,0,144,0,1408,1,0,115,0,937,1,0,83,0,228.6469774
1,275,103,0,15,63,225,88,0,8,37,175,72,0,4,24,129,54,0,4,18,83,42,0,2,8,252.3881666
1,505,23,0,11,0,253,14,0,5,0,92,6,0,1,0,22,2,0,0,0,5,1,0,0,0,180.6406514
1,1262,30,0,2,1,796,26,0,0,0,374,26,0,0,0,122,25,0,0,0,39,25,0,0,0,208.045942
1,4021,17,17,1,4,2928,10,7,1,4,1715,3,4,1,4,728,2,1,1,4,177,1,1,0,4,156.5862507
1,332,44,13,16,1,261,38,3,6,1,178,33,0,2,0,87,27,0,0,0,37,25,0,0,0,143.9402338
1,2597,24,1,3,3,2109,19,0,3,1,1505,16,0,1,0,906,14,0,0,0,428,13,0,0,0,183.6495069
1,1203,31,2,29,1,940,28,0,11,0,583,27,0,4,0,291,23,0,2,0,98,22,0,1,0,173.3956987
1,279,119,1,111,6,175,78,1,25,4,98,64,0,4,2,47,59,0,2,1,16,54,0,0,0,173.3802074
1,435,116,0,1,2,203,81,0,1,1,64,62,0,0,0,14,44,0,0,0,4,42,0,0,0,179.519431
1,670,14,0,4,0,446,6,0,2,0,217,2,0,2,0,58,1,0,0,0,9,0,0,0,0,150.4920997
1,1423,3,2,3,0,872,0,0,0,0,386,0,0,0,0,105,0,0,0,0,29,0,0,0,0,165.6089787
1,525,7,2,1,0,252,4,1,1,0,83,2,0,1,0,28,1,0,0,0,9,0,0,0,0,219.145741
1,389,66,0,5,0,240,41,0,5,0,145,27,0,5,0,84,22,0,5,0,35,16,0,3,0,255.0853585
1,824,17,0,9,0,519,8,0,5,0,295,4,0,4,0,148,3,0,4,0,76,3,0,2,0,192.2239712
1,42,7,0,42,265,22,4,0,37,180,10,3,0,30,122,7,1,0,22,89,2,1,0,16,60,669.473419
1,145,58,0,4,1,67,33,0,0,1,28,20,0,0,0,4,11,0,0,0,1,8,0,0,0,190.2839865
1,901,28,39,17,9,564,24,11,4,3,278,19,2,0,2,112,18,0,0,1,33,17,0,0,0,139.7512901
1,861,48,0,3,5,525,33,0,2,5,263,30,0,1,2,94,29,0,1,2,29,28,0,0,1,172.1091844
1,557,12,3,1,0,271,9,2,1,0,112,3,1,0,0,41,1,0,0,0,12,0,0,0,0,209.4346315
1,652,20,0,13,2,445,6,0,7,2,233,1,0,0,2,80,1,0,0,1,17,1,0,0,1,171.2308004
1,273,104,0,0,0,110,75,0,0,0,41,60,0,0,0,18,51,0,0,0,4,49,0,0,0,191.6374335
1,400,18,0,1,0,341,18,0,0,0,241,18,0,0,0,96,17,0,0,0,18,17,0,0,0,138.0450487
1,246,10,0,0,2,135,3,0,0,0,60,1,0,0,0,26,0,0,0,0,7,0,0,0,0,181.3664921
1,300,0,2,11,0,166,0,0,2,0,76,0,0,0,0,17,0,0,0,0,6,0,0,0,0,155.0434191
1,1595,6,0,2,0,1079,1,0,0,0,543,0,0,0,0,174,0,0,0,0,41,0,0,0,0,161.640413
1,186,15,3,2,1,128,10,2,0,1,76,5,1,0,0,33,3,0,0,0,7,2,0,0,0,167.3075365
1,150,15,3,2,0,69,7,2,0,0,29,4,2,0,0,8,2,1,0,0,2,2,0,0,0,187.1120601
1,476,40,1,0,0,263,20,0,0,0,130,13,0,0,0,48,10,0,0,0,20,9,0,0,0,244.5377105
1,1140,1,3,2,1,697,0,3,0,1,354,0,3,0,1,135,0,1,0,1,42,0,1,0,0,188.4784473
1,742,26,1,3,1,503,8,0,2,1,263,3,0,0,0,108,1,0,0,0,27,0,0,0,0,155.569327
1,1347,14,2,5,1,989,14,1,4,1,639,14,0,1,0,332,14,0,1,0,121,14,0,1,0,157.4052558
1,4164,55,0,3,0,3045,39,0,2,0,1872,21,0,0,0,823,11,0,0,0,217,7,0,0,0,163.4765474
1,861,65,51,5,1,615,63,16,2,1,354,61,6,0,1,154,59,2,0,1,38,58,1,0,1,107.3839145
1,526,17,4,3,1,330,13,2,1,0,158,11,0,0,0,67,11,0,0,0,16,11,0,0,0,140.4239767
1,759,23,3,7,0,479,17,1,1,0,235,14,0,0,0,66,8,0,0,0,12,5,0,0,0,156.0372686
1,2066,18,28,47,5,1534,7,14,36,1,1003,3,5,26,1,509,1,1,19,1,208,1,0,11,0,165.1086663
1,2857,20,0,5,2,2164,11,0,1,0,1293,6,0,0,0,575,5,0,0,0,199,5,0,0,0,163.0360056
1,453,57,0,17,1,284,39,0,8,1,135,30,0,3,1,48,25,0,1,1,12,21,0,1,0,211.7569577
1,1377,5,4,4,1,859,2,1,1,1,426,1,1,1,1,149,1,0,0,0,39,1,0,0,0,194.8353109
1,2171,33,0,2,1,1495,15,0,0,1,738,13,0,0,1,276,7,0,0,1,67,5,0,0,0,178.2074802
1,1070,11,5,2,1,742,6,4,0,1,438,0,3,0,1,184,0,2,0,1,55,0,2,0,0,150.8993643
1,1971,12,3,30,0,1803,9,0,24,0,1566,4,0,20,0,1267,2,0,16,0,949,1,0,12,0,150.6322024
1,72,0,627,209,1,38,0,567,122,0,9,0,496,61,0,5,0,429,23,0,4,0,354,6,0,110.0075125
1,1450,46,306,746,10,924,13,199,564,5,492,1,124,370,2,227,0,77,217,1,69,0,43,107,0,168.7977142
1,1735,12,130,108,12,1377,6,87,70,7,989,4,46,46,4,611,3,26,28,3,340,2,11,18,0,156.7099181
1,3292,0,1280,193,0,2867,0,1080,123,0,2271,0,894,68,0,1525,0,696,45,0,801,0,522,32,0,139.6340471
1,545,23,60,44,7,265,11,45,17,3,92,6,27,7,0,29,5,11,3,0,7,3,5,1,0,179.0514538
1,601,53,138,132,2,299,36,100,88,1,130,23,67,48,1,56,12,31,30,1,14,9,15,20,0,181.7842496
1,981,7,812,109,2,567,3,611,60,1,253,2,432,25,1,105,2,287,10,0,32,2,170,4,0,151.9600492
1,4505,7,283,18,0,3543,1,241,14,0,2204,1,205,7,0,1015,0,175,4,0,310,0,137,2,0,143.2925422
1,1204,3,826,99,9,947,2,687,67,4,645,0,555,37,2,376,0,429,17,0,184,0,340,8,0,154.0206317
1,3516,119,307,200,10,2546,57,219,169,8,1620,25,153,134,8,873,12,106,102,6,387,6,69,88,5,149.7527061
2,214,673,0,117,7,60,442,0,79,7,14,323,0,50,4,2,249,0,23,2,0,198,0,8,2,208.7388778
2,145,1899,0,31,3,43,1340,0,26,1,9,940,0,18,1,4,675,0,10,0,1,502,0,6,0,230.7288421
2,250,543,0,38,5,103,351,0,27,4,37,241,0,20,2,11,154,0,12,1,3,110,0,9,0,231.4196012
2,166,1397,0,773,6,69,1130,0,725,3,25,849,0,667,3,12,669,0,598,2,5,534,0,501,0,208.9530808
2,310,729,0,370,5,116,430,0,292,4,32,255,0,214,2,11,150,0,147,2,2,88,0,89,1,180.8703304
2,33,540,1,101,5,22,431,0,74,2,9,321,0,51,2,2,250,0,31,2,0,187,0,18,2,179.2530337
2,57,218,0,419,14,31,166,0,339,13,13,113,0,255,10,8,89,0,199,4,2,69,0,153,3,163.4077382
2,69,1628,0,250,8,22,1301,0,221,7,4,1025,0,187,3,1,797,0,152,2,0,627,0,110,0,225.7182108
2,279,1306,0,340,10,116,933,0,289,8,34,671,0,223,6,16,486,0,180,2,4,357,0,140,1,163.9497533
2,263,728,0,112,15,111,487,0,99,13,43,306,0,86,9,18,191,0,59,7,6,113,0,34,5,170.1605092
2,80,382,0,64,7,37,283,0,56,5,12,209,0,44,4,3,144,0,35,4,2,108,0,29,4,221.0765637
2,138,1317,0,36,8,29,1013,0,22,7,8,797,0,13,5,2,643,0,7,2,0,527,0,4,2,232.9933724
2,137,754,0,143,12,58,661,0,106,9,16,583,0,63,5,5,531,0,27,2,1,480,0,11,2,214.6124521
2,72,616,0,11,2,34,499,0,9,2,9,381,0,8,1,5,292,0,2,1,1,232,0,1,0,185.0328291
2,298,306,0,722,53,120,168,0,565,33,42,82,0,392,19,10,41,0,260,9,0,25,0,178,2,169.283166
2,78,856,0,526,77,30,658,0,373,52,8,465,0,239,31,3,341,0,139,17,1,258,0,73,13,184.3899816
2,153,705,0,319,21,55,446,0,254,13,14,278,0,183,9,3,177,0,126,6,1,119,0,85,3,216.6930764
2,646,318,0,59,41,404,220,0,40,25,221,156,0,23,17,122,108,0,20,11,54,70,0,17,7,178.2305329
2,69,1010,1,614,11,27,843,1,529,8,12,726,1,418,4,2,627,1,309,4,0,557,1,197,1,217.0974799
2,85,4885,0,411,38,37,4329,0,393,22,12,3651,0,368,13,3,2988,0,336,10,2,2390,0,307,8,181.8287163
2,506,1245,0,717,2,277,876,0,667,2,131,616,0,607,1,50,450,0,538,1,22,342,0,459,0,174.6920909
2,359,101,0,399,27,229,56,0,329,19,131,29,0,253,9,70,17,0,180,6,28,11,0,125,4,167.4885635
2,76,1459,0,59,6,24,1070,0,49,6,6,751,0,34,3,0,514,0,20,0,0,369,0,14,0,232.0742027
2,368,505,0,501,3,142,292,0,419,1,46,174,0,318,0,13,103,0,208,0,3,79,0,119,0,222.0009576
2,273,617,0,111,28,158,408,0,87,23,70,262,0,61,17,27,154,0,33,9,11,96,0,22,5,178.0147179
2,243,1294,0,10,5,77,1031,0,10,5,26,790,0,6,5,7,628,0,5,4,2,515,0,3,2,218.6965643
2,131,1384,0,165,8,45,989,0,134,7,15,736,0,106,5,7,534,0,84,3,2,397,0,63,2,224.1436198
2,126,1040,0,86,3,70,831,0,74,3,36,647,0,64,2,22,512,0,50,1,8,411,0,42,1,212.2019816
2,42,464,0,37,0,11,334,0,30,0,5,237,0,23,0,2,170,0,14,0,0,111,0,7,0,249.8490274
2,17,623,3,138,8,2,489,0,90,6,0,388,0,50,3,0,297,0,20,1,0,214,0,13,0,241.2177317
2,143,1775,0,60,10,43,1332,0,52,8,15,963,0,34,4,6,728,0,16,2,0,567,0,11,0,212.1097867
2,38,318,0,10,2,15,180,0,6,2,5,104,0,5,2,2,62,0,2,2,0,44,0,1,1,356.282711
2,108,1287,0,290,9,40,1089,0,139,8,17,872,0,62,5,5,684,0,20,5,3,549,0,6,1,156.4242339
2,153,720,0,1502,26,69,525,0,1209,16,28,364,0,878,11,14,264,0,550,8,7,185,0,353,6,179.0013315
2,143,1220,0,816,67,43,808,0,578,41,15,496,0,325,21,2,286,0,168,12,0,177,0,78,5,160.5776846
2,19,438,0,255,23,4,312,0,225,18,0,214,0,180,14,0,137,0,130,5,0,91,0,107,3,219.318802
2,42,575,0,706,13,18,467,0,637,10,6,373,0,550,6,0,280,0,436,1,0,212,0,359,0,156.4374056
2,50,924,0,46,13,23,793,0,36,12,5,672,0,26,10,0,580,0,13,7,0,499,0,11,5,211.6859561
2,108,2167,0,768,6,38,1597,0,726,5,12,1096,0,661,5,3,761,0,551,4,0,540,0,446,3,215.9479363
2,110,1370,0,1182,3,51,1114,0,1122,2,15,884,0,1036,2,6,730,0,936,0,1,591,0,836,0,177.9128603
2,44,973,1,1316,19,9,739,1,1103,12,5,551,1,827,9,1,398,1,565,4,0,290,0,361,3,176.2003787
2,18,373,0,43,0,7,258,0,37,0,5,180,0,32,0,1,114,0,26,0,0,72,0,19,0,655.3280711
2,76,923,0,967,1,25,733,0,909,0,7,578,0,809,0,2,459,0,687,0,1,370,0,557,0,176.6721293
2,56,1305,1,3328,5,28,1123,0,3063,5,12,933,0,2576,4,5,773,0,1839,4,1,659,0,1320,2,115.3737455
2,17,347,0,1524,8,4,260,0,1257,4,2,195,0,846,1,0,138,0,460,1,0,110,0,250,1,74.22555969
2,103,460,0,455,7,46,381,0,415,7,17,293,0,363,4,3,233,0,300,3,1,197,0,247,3,149.4452117
2,40,1406,0,612,12,12,1160,0,509,6,7,938,0,392,6,1,717,0,262,5,0,573,0,173,4,171.0914551
2,508,3260,0,1418,58,171,2294,0,1309,43,47,1585,0,1119,31,12,1091,0,883,19,3,798,0,660,13,169.6011886
2,104,1823,0,57,0,24,1323,0,50,0,0,973,0,43,0,0,682,0,26,0,0,505,0,17,0,235.9079315
2,61,1296,0,135,9,29,1067,0,122,7,13,857,0,112,6,2,672,0,92,6,0,549,0,73,3,220.9908731
2,60,1592,0,302,14,18,1323,0,255,8,1,1066,0,193,5,0,877,0,136,3,0,735,0,87,3,231.0747257
2,48,4257,0,115,7,6,3756,0,104,5,2,3223,0,80,3,1,2773,0,67,2,0,2357,0,46,1,198.9842645
2,84,2069,0,155,30,43,1871,0,116,20,20,1694,0,80,14,4,1545,0,51,7,2,1417,0,40,5,178.8958337
2,123,1631,0,2201,20,35,1369,0,2050,17,11,1124,0,1857,12,2,925,0,1643,9,0,768,0,1459,7,179.0125732
2,93,837,0,1173,38,27,572,0,884,25,5,392,0,599,18,1,263,0,393,10,0,191,0,245,7,162.2154743
2,47,1096,0,377,10,12,889,0,317,7,2,719,0,256,2,0,599,0,189,1,0,511,0,144,1,186.1614193
2,439,1776,0,169,22,262,1536,0,155,14,157,1285,0,137,11,89,1062,0,118,9,52,836,0,103,6,291.6097023
2,52,684,0,58,56,21,576,0,38,42,11,452,0,25,38,2,346,0,18,30,1,271,0,14,17,201.8389053
2,22,363,0,2041,7,5,301,0,1752,3,1,241,0,1363,2,0,186,0,998,0,0,149,0,783,0,80.69078907
2,32,1362,0,161,14,4,1081,0,103,5,0,839,0,41,4,0,644,0,24,2,0,506,0,15,0,189.1965531
2,21,2407,0,289,28,6,2315,0,223,19,2,2205,0,152,12,0,2075,0,95,6,0,1967,0,56,5,208.3887161
2,197,1354,0,320,12,123,1140,0,270,8,70,930,0,224,7,31,751,0,179,4,8,588,0,150,2,251.0937674
2,24,406,0,219,2,13,330,0,196,1,5,264,0,155,1,1,215,0,130,0,1,175,0,107,0,217.9705668
2,71,755,0,390,5,27,635,0,356,4,9,520,0,300,2,1,443,0,243,2,0,376,0,200,2,165.9151943
2,47,971,0,176,23,14,798,0,166,15,5,619,0,145,12,1,483,0,117,6,0,367,0,87,4,219.9922842
2,17,64,0,1698,5,8,51,0,1613,3,3,43,0,1488,2,2,32,0,1344,2,0,27,0,1181,1,85.04436707
2,78,337,0,2643,37,38,205,0,2283,25,10,123,0,1820,18,1,70,0,1386,13,0,46,0,1068,11,94.45960015
2,56,262,0,460,102,21,197,0,344,85,9,155,0,233,65,3,125,0,142,45,1,101,0,91,32,148.9613404
2,49,243,0,1956,23,15,192,0,1677,18,4,153,0,1333,15,0,113,0,1011,11,0,92,0,794,7,96.76250809
2,166,2578,0,93,31,47,2031,0,63,21,12,1590,0,34,14,1,1281,0,18,8,0,1042,0,10,3,195.7954486
2,40,1199,0,274,44,12,898,0,171,25,0,649,0,83,14,0,438,0,42,6,0,305,0,28,3,228.6720761
2,493,1333,1,272,32,314,1120,1,218,25,185,938,0,178,13,89,810,0,140,9,41,699,0,108,9,214.5936193
2,130,964,0,37,18,55,790,0,28,13,24,631,0,16,11,7,506,0,12,8,2,423,0,10,2,235.2405585
2,154,397,0,1294,13,74,297,0,1162,11,27,230,0,1005,9,6,172,0,846,8,1,136,0,709,4,146.012355
2,99,4295,2,33,19,28,3801,1,19,10,7,3184,1,15,7,3,2553,0,8,5,1,1975,0,3,3,169.3718609
2,122,1817,0,630,25,35,1478,0,525,18,10,1183,0,408,11,3,903,0,273,7,0,705,0,173,5,177.1871239
2,177,1859,0,47,20,93,1617,0,38,18,42,1392,0,35,11,16,1206,0,32,7,3,1039,0,22,5,225.9346989
2,10,353,0,9,34,4,301,0,6,29,0,256,0,2,21,0,215,0,1,17,0,187,0,0,13,274.0044748
2,92,411,0,57,7,34,310,0,52,6,15,232,0,46,4,2,187,0,43,3,1,165,0,35,3,318.4163946
2,84,488,0,1071,39,39,386,0,999,33,17,319,0,882,18,3,264,0,736,14,1,222,0,607,8,106.6396958
2,175,1188,0,755,6,62,920,0,700,4,11,697,0,634,4,5,534,0,551,3,1,422,0,482,3,176.9373707
2,227,1934,0,511,24,124,1567,0,445,22,60,1230,0,352,12,25,947,0,275,7,8,751,0,203,2,156.128904
2,10,345,0,174,12,3,276,0,133,5,1,224,0,82,4,1,192,0,43,1,1,159,0,29,1,240.2854304
2,43,181,0,198,19,20,142,0,159,11,11,99,0,109,7,2,75,0,69,5,1,56,0,44,4,215.0059056
2,316,1664,1,1043,38,150,1333,1,814,24,53,1082,1,567,13,19,910,0,348,8,4,750,0,226,4,179.572659
2,61,676,0,59,18,24,558,0,38,11,6,448,0,22,7,1,380,0,10,4,0,321,0,1,4,190.8713702
2,112,1467,0,920,2,42,1220,0,841,1,12,989,0,713,1,3,820,0,541,1,0,673,0,383,0,167.1708357
2,71,2428,0,634,48,29,1866,0,570,30,4,1433,0,467,23,1,1025,0,365,16,1,722,0,287,6,164.4983748
2,25,1485,0,160,47,10,1305,0,137,40,3,1115,0,101,35,1,933,0,67,28,0,772,0,46,23,175.917302
2,31,3770,0,47,22,8,3482,0,32,18,2,3161,0,26,13,0,2844,0,17,10,0,2534,0,11,8,259.3018122
2,184,942,0,14,28,70,691,0,9,23,25,478,0,6,14,7,331,0,4,10,0,240,0,2,5,213.7930437
2,43,1321,0,140,15,13,1129,0,120,10,3,964,0,90,7,0,834,0,71,6,0,719,0,54,4,233.7856435
2,179,4037,0,162,20,60,3332,0,141,14,11,2650,0,117,8,1,2048,0,91,6,0,1606,0,78,5,215.839578
2,129,3370,0,105,4,59,3059,0,94,4,34,2759,0,81,4,8,2458,0,63,3,2,2161,0,50,2,202.9249686
2,289,2582,0,378,15,167,2177,0,341,12,83,1798,0,303,7,29,1484,0,252,5,9,1233,0,207,2,179.9600499
2,301,1197,0,89,9,130,781,0,79,7,47,496,0,58,5,13,338,0,36,3,3,220,0,19,3,192.6148307
2,267,2025,0,72,27,131,1638,0,52,21,58,1289,0,40,14,24,996,0,28,10,8,767,0,16,7,201.7167214
2,247,490,0,1760,18,138,363,0,1492,9,62,236,0,1205,7,20,153,0,957,3,8,110,0,770,3,152.6139689
2,118,574,1,2318,18,54,438,1,1940,15,24,339,1,1501,10,9,257,0,1107,6,1,217,0,833,2,83.47682612
2,78,972,0,195,7,32,740,0,179,7,10,542,0,150,5,5,389,0,126,2,1,267,0,109,0,223.8591168
2,54,200,0,4985,12,22,165,0,4598,6,10,130,0,4099,3,2,107,0,3487,2,1,89,0,2943,1,88.42969724
2,61,2313,0,182,22,14,1956,0,163,18,3,1689,0,129,15,1,1416,0,101,10,0,1209,0,75,9,230.9566559
2,302,1754,0,128,16,132,1318,0,108,11,43,1016,0,87,9,10,827,0,67,7,3,702,0,49,3,183.0751658
2,19,358,0,16,19,8,262,0,7,13,2,198,0,5,8,1,144,0,3,7,0,108,0,2,4,269.8510332
2,45,464,1,183,157,17,326,0,139,138,2,227,0,98,115,0,167,0,69,92,0,127,0,39,77,226.502125
2,18,640,0,127,17,8,547,0,111,14,0,455,0,92,8,0,400,0,72,7,0,349,0,51,7,220.4350858
2,12,905,0,326,26,5,771,0,213,21,1,672,0,125,14,0,571,0,76,11,0,491,0,50,9,176.6598967
2,61,660,0,493,75,14,541,0,392,52,4,431,0,284,37,1,347,0,181,27,1,278,0,110,19,160.6825756
2,87,2976,0,552,36,36,2604,0,473,24,16,2141,0,403,16,3,1773,0,307,10,2,1430,0,223,7,162.3186017
2,115,2137,1,175,76,47,1667,0,146,63,18,1278,0,113,42,5,954,0,72,24,2,686,0,44,16,247.0547772
2,140,833,0,1866,34,53,523,0,1541,19,13,302,0,1104,9,5,183,0,644,5,1,131,0,364,4,151.5652713
2,108,2091,0,1841,31,43,1815,0,1709,28,15,1533,0,1501,21,3,1290,0,1205,13,0,1106,0,901,10,182.868039
2,10,1458,0,25,2,2,1271,0,16,2,0,1095,0,12,0,0,961,0,5,0,0,852,0,3,0,235.3849901
2,16,991,0,151,7,3,879,0,127,5,1,767,0,98,4,0,654,0,75,2,0,555,0,50,1,186.5818157
2,71,532,0,46,2,22,403,0,37,2,4,312,0,30,1,1,246,0,17,1,0,196,0,12,0,221.6016883
2,10,215,0,102,2,5,174,0,86,2,1,136,0,71,1,0,104,0,57,1,0,86,0,43,1,212.2800134
2,319,1163,0,116,18,169,854,0,102,17,77,603,0,86,13,28,418,0,73,10,9,292,0,62,7,187.5227326
2,85,560,0,540,30,43,464,0,500,28,18,386,0,455,23,7,333,0,373,17,3,273,0,303,12,212.0119476
2,482,1208,1,501,5,290,990,0,478,5,164,776,0,441,2,73,624,0,409,2,34,522,0,379,1,162.936836
2,390,1143,2,807,50,209,777,1,695,44,73,548,1,566,34,26,393,1,426,20,8,307,0,287,16,167.04544
2,884,1736,1,397,35,502,1203,1,332,26,248,850,1,273,18,123,589,0,207,16,51,427,0,158,9,172.0200967
2,292,5057,0,238,34,109,4077,0,180,26,44,3198,0,127,22,14,2507,0,102,14,6,1989,0,82,10,198.5404271
2,83,759,1,223,12,55,636,1,171,10,29,505,0,124,7,15,411,0,90,2,7,339,0,66,2,228.922406
2,161,934,0,163,10,82,747,0,147,7,44,608,0,136,4,17,505,0,117,3,7,402,0,97,1,198.6999789
2,253,816,3,228,6,126,582,1,183,4,56,444,1,142,3,23,315,0,105,3,10,240,0,79,3,175.4002341
2,22,552,0,24,21,9,429,0,15,14,2,321,0,9,8,0,241,0,5,3,0,187,0,4,2,221.9157437
2,103,413,0,4,20,58,317,0,3,13,32,238,0,3,9,25,201,0,1,9,17,160,0,0,7,250.8470721
2,173,605,0,106,22,67,440,0,77,19,29,323,0,54,17,17,247,0,38,16,17,206,0,18,16,227.3407457
2,28,997,0,72,19,12,861,0,46,19,2,705,0,37,13,1,587,0,25,8,0,483,0,12,7,227.6829904
2,35,378,6,1217,65,14,310,4,868,47,3,237,4,551,32,0,176,1,334,19,0,140,1,232,13,107.121932
2,220,717,0,152,26,92,462,0,106,22,30,321,0,76,18,8,233,0,48,15,3,195,0,37,10,184.383846
2,130,1631,2,33,12,45,1235,0,18,10,12,906,0,12,6,2,691,0,4,3,1,547,0,1,2,172.0738121
2,88,1259,0,849,179,44,1009,0,667,134,12,767,0,435,101,4,558,0,282,60,0,403,0,174,32,193.1473659
2,261,1236,2,69,5,108,979,2,56,4,37,758,2,51,2,12,598,2,42,1,3,466,2,34,0,195.873153
2,172,1824,0,144,13,62,1469,0,114,7,25,1173,0,80,4,7,975,0,52,1,2,785,0,41,1,221.3129921
2,60,765,0,8,11,16,578,0,4,7,4,396,0,3,4,1,266,0,0,4,0,185,0,0,2,219.4332564
2,376,973,0,78,16,219,774,0,62,10,123,599,0,43,8,60,472,0,32,5,25,375,0,21,4,195.4579655
2,92,112,1,3622,55,47,60,0,2902,36,20,38,0,2103,18,5,22,0,1404,8,3,10,0,935,5,145.8734876
2,104,1254,1,140,2,32,1008,1,122,2,7,815,0,98,2,1,700,0,73,1,0,605,0,58,1,220.663646
2,586,328,2,454,57,370,196,2,394,45,183,104,1,331,36,68,65,0,260,24,34,44,0,208,16,182.9290131
2,68,1575,0,2101,31,24,1423,0,1738,27,8,1294,0,1241,18,2,1188,0,810,12,1,1106,0,498,8,182.605155
2,319,1008,6,569,6,166,793,5,462,4,69,647,2,362,3,27,540,2,271,2,6,464,1,199,1,218.5274965
2,3,170,0,2,23,0,140,0,1,20,0,105,0,1,11,0,79,0,1,8,0,62,0,0,3,215.2088671
2,66,134,0,1386,19,23,74,0,1207,12,11,45,0,1001,7,2,31,0,782,6,2,21,0,606,5,141.8340279
2,807,1504,0,209,42,390,1093,0,176,32,154,756,0,144,23,54,533,0,101,16,22,400,0,75,9,224.5124054
2,1683,633,0,41,7,1234,414,0,29,4,843,228,0,16,2,499,144,0,10,2,225,92,0,6,1,189.5206874
2,272,3264,0,25,13,146,2973,0,19,5,86,2697,0,16,4,34,2420,0,15,4,15,2189,0,12,2,227.7893499
2,213,833,2,28,76,129,687,2,18,59,73,548,2,14,49,38,420,2,10,31,20,313,1,10,20,223.1230834
2,779,919,0,135,10,399,557,0,114,6,185,343,0,95,5,79,240,0,68,2,24,164,0,54,1,225.5574734
2,745,1599,0,219,32,423,1217,0,180,18,221,907,0,143,12,92,681,0,121,12,40,502,0,93,8,217.7784754
2,332,334,0,275,3,197,221,0,228,0,89,139,0,182,0,35,101,0,133,0,15,66,0,101,0,193.9723921
2,786,69,0,781,22,601,37,0,587,9,386,21,0,378,5,201,15,0,252,1,87,8,0,169,0,150.3365578
2,3102,977,0,119,62,2423,716,0,100,53,1738,496,0,91,40,1163,365,0,69,32,655,248,0,55,17,162.8516863
2,618,371,0,67,1,365,252,0,58,1,180,169,0,52,1,84,143,0,46,1,34,112,0,38,0,226.1437521
2,718,559,2,369,12,412,380,2,301,8,210,260,1,260,6,100,189,1,209,4,43,129,1,163,2,168.8609311
2,253,2077,1,75,86,136,1538,1,55,46,79,1054,1,32,23,55,700,0,17,14,42,447,0,8,6,221.8120926
2,275,278,0,175,6,130,189,0,134,3,53,124,0,96,3,19,91,0,61,3,5,66,0,38,2,210.2415975
2,244,342,29,94,24,152,261,23,74,17,73,187,17,50,12,23,139,13,34,11,8,111,8,28,8,229.1310106
2,409,175,0,171,11,300,128,0,142,9,194,95,0,107,4,117,69,0,81,3,55,49,0,70,2,167.709558
2,324,645,0,69,7,185,544,0,58,6,97,454,0,49,5,37,384,0,40,2,8,330,0,33,1,243.0778662
2,907,215,0,508,60,560,114,0,382,48,262,41,0,262,31,111,19,0,188,26,33,8,0,142,21,149.0435334
2,807,674,0,34,3,534,512,0,26,2,305,386,0,22,2,147,316,0,19,2,69,257,0,16,1,202.7346518
2,52,301,5,11,0,28,214,4,10,0,15,153,4,7,0,8,110,2,7,0,2,74,1,6,0,327.4385323
2,172,1261,0,157,13,74,935,0,145,11,30,644,0,140,9,12,448,0,116,9,4,321,0,108,8,226.6424683
2,402,397,2,324,7,245,304,2,265,6,148,229,2,211,5,81,172,0,164,5,45,136,0,127,4,193.6998016
2,667,588,1,61,16,478,474,1,49,10,297,366,0,35,4,182,286,0,30,4,104,226,0,23,3,173.5560946
2,253,1363,0,370,14,147,1194,0,308,10,70,1037,0,251,8,32,909,0,197,7,14,815,0,156,5,178.4081954
2,449,550,0,68,25,253,366,0,59,21,108,233,0,51,17,43,170,0,45,15,14,99,0,31,7,186.5685568
2,606,259,2,173,13,366,170,2,140,9,172,108,1,112,8,68,76,1,88,6,22,56,0,70,4,173.2119385
2,957,614,0,1473,18,632,392,0,1167,15,374,240,0,869,8,163,147,0,658,7,55,103,0,493,5,158.5415747
2,337,1259,0,484,12,220,1133,0,429,8,138,1027,0,370,4,72,954,0,308,3,28,887,0,258,2,185.9139175
2,418,2646,0,138,53,247,2236,0,115,42,130,1913,0,82,32,63,1606,0,57,20,20,1365,0,43,13,193.7111028
2,335,2735,0,131,21,169,2375,0,117,14,80,1999,0,99,8,35,1668,0,86,7,11,1406,0,64,3,188.6498147
2,109,504,0,254,19,72,366,0,213,17,43,289,0,171,11,26,237,0,141,2,14,185,0,116,1,251.2253242
2,526,5355,0,215,42,228,4414,0,199,31,88,3517,0,175,25,32,2847,0,142,20,12,2326,0,114,14,180.5620434
2,523,1978,0,387,13,304,1727,0,349,12,150,1516,0,311,8,65,1316,0,268,5,29,1128,0,233,4,166.4110212
2,222,407,2,468,25,106,258,2,389,17,51,160,2,309,7,23,99,2,234,4,8,73,1,165,3,261.9509553
2,810,768,0,1731,9,579,619,0,1592,7,380,471,0,1455,6,221,363,0,1324,4,115,279,0,1210,2,178.9244203
2,79,126,0,38,3,37,77,0,30,3,10,51,0,19,2,1,33,0,14,1,0,22,0,11,1,250.415358
2,1112,373,0,1411,14,871,298,0,1188,10,640,240,0,971,7,426,190,0,793,5,261,160,0,672,3,164.0347692
2,607,2247,0,594,63,366,1906,0,519,48,215,1609,0,448,28,107,1329,0,378,21,46,1077,0,306,12,209.530495
2,345,79,0,119,10,248,54,0,100,7,152,36,0,84,6,76,22,0,72,4,37,19,0,65,3,217.8556314
2,118,210,2,46,11,72,152,1,37,8,32,122,1,32,6,17,87,1,25,2,10,65,0,18,1,240.7808205
2,385,766,5,73,4,196,595,5,61,2,70,462,5,49,2,28,361,5,40,2,11,292,5,31,2,222.0861835
2,593,1659,0,530,21,275,1195,0,422,19,96,834,0,312,14,26,592,0,230,8,6,467,0,167,6,168.6318922
2,856,1925,0,127,25,445,1341,0,87,19,198,951,0,61,15,76,708,0,39,12,27,526,0,25,9,184.1508061
2,317,55,0,263,3,250,38,0,226,3,155,27,0,201,2,73,20,0,170,1,33,17,0,147,1,158.7378336
2,271,3013,0,119,13,154,2475,0,91,12,85,1922,0,61,9,49,1447,0,43,8,34,968,0,35,4,178.6389784
2,344,869,0,346,13,102,516,0,262,12,32,292,0,158,7,7,153,0,66,6,3,98,0,39,3,178.1388205
2,149,838,1,299,18,50,582,0,219,12,10,396,0,131,9,1,273,0,75,8,0,184,0,37,4,169.5469029
2,256,808,0,230,4,102,565,0,192,2,33,400,0,148,2,6,283,0,111,2,3,228,0,84,1,233.3668938
2,399,1776,0,3406,37,207,1294,0,3096,31,84,892,0,2685,23,30,614,0,2224,18,10,403,0,1854,16,142.4753461
2,213,1141,0,226,101,74,775,0,181,89,29,552,0,143,75,17,346,0,112,69,9,255,0,96,58,218.1250812
2,61,345,0,126,8,19,222,0,102,5,7,131,0,74,3,3,76,0,41,1,1,53,0,30,1,199.4101888
2,119,716,0,1158,19,60,492,0,902,13,29,298,0,623,12,14,182,0,376,10,12,131,0,234,7,151.2078009
2,59,669,0,89,24,19,482,0,79,17,7,356,0,63,12,4,251,0,41,9,2,177,0,30,6,221.5510711
2,182,788,1,100,11,63,467,0,70,9,21,258,0,44,3,6,150,0,24,3,2,99,0,12,2,207.3125113
2,157,758,1,768,29,55,497,0,648,23,21,341,0,537,17,6,236,0,396,11,0,171,0,262,10,207.7698714
2,177,675,0,50,4,62,461,0,34,2,15,311,0,18,2,6,218,0,9,2,1,170,0,7,1,227.7490273
2,43,731,0,84,22,15,480,0,61,18,3,309,0,41,12,1,201,0,27,11,0,139,0,12,8,218.962067
2,93,1328,0,70,5,34,1043,0,43,3,11,794,0,17,3,6,580,0,6,3,2,411,0,3,2,183.5580454
2,1567,1156,2,374,15,1082,904,2,276,11,689,712,1,206,6,365,556,1,155,3,183,445,1,114,3,170.2510696
2,172,438,1,73,10,96,331,1,61,9,51,243,0,47,6,22,184,0,35,6,9,137,0,20,5,204.2146255
2,506,1331,0,30,194,274,1031,0,23,152,133,752,0,12,113,60,533,0,7,75,26,376,0,2,45,166.5193963
2,286,899,0,67,65,153,659,0,52,55,84,449,0,38,45,43,313,0,29,36,24,228,0,16,29,174.2939629
2,252,443,4,258,7,144,304,1,191,7,85,220,0,146,6,42,164,0,101,5,18,127,0,74,3,209.4662649
2,641,124,2,99,11,428,77,2,84,8,276,54,2,67,7,175,41,0,55,6,103,24,0,41,5,782.0870516
2,74,585,0,10,2,40,468,0,9,2,22,373,0,4,1,11,309,0,4,1,2,262,0,3,1,248.2688893
2,141,303,0,581,13,51,162,0,485,12,17,66,0,366,9,7,34,0,237,7,1,16,0,153,3,158.786874
2,57,334,0,83,4,14,211,0,42,3,5,128,0,16,3,0,75,0,7,1,0,43,0,4,0,162.6141607
2,385,473,3,33,19,207,283,2,17,17,90,185,1,10,9,45,130,0,5,7,12,90,0,0,3,176.9107882
2,86,197,0,53,8,44,125,0,35,5,25,86,0,22,2,7,67,0,13,2,2,51,0,8,2,226.6630883
2,90,287,0,1268,13,37,180,0,1092,10,15,112,0,867,7,3,69,0,661,4,1,40,0,508,4,93.27774988
2,666,573,1,743,17,452,382,0,585,12,292,238,0,398,7,154,139,0,252,5,84,92,0,167,4,158.097536
2,227,2454,0,415,21,69,1798,0,355,18,16,1218,0,279,12,2,803,0,177,9,0,559,0,109,4,181.3847025
2,25,931,0,11,2,14,744,0,7,2,4,606,0,2,2,1,487,0,2,2,0,400,0,2,1,305.10426
2,366,1106,33,243,132,210,936,14,177,112,101,789,4,107,82,50,693,0,60,62,17,603,0,42,41,160.307226
2,144,745,0,23,3,94,610,0,20,3,58,512,0,16,2,34,417,0,14,0,17,346,0,11,0,293.3823099
2,187,762,0,95,34,93,514,0,75,25,40,354,0,53,22,19,254,0,27,17,5,189,0,17,16,261.6315904
2,503,826,0,94,6,250,575,0,73,1,114,389,0,57,1,44,260,0,47,0,15,185,0,31,0,190.8190444
2,248,396,0,335,36,139,241,0,235,26,60,147,0,151,18,27,97,0,79,13,10,77,0,38,4,176.1755726
2,103,695,1,655,63,51,565,0,464,39,15,486,0,288,31,6,435,0,159,17,1,397,0,101,13,171.5908224
2,104,335,0,102,17,51,215,0,72,13,31,162,0,40,11,7,130,0,20,5,3,102,0,12,5,222.7450349
2,103,4511,0,5,6,58,4071,0,4,6,25,3752,0,4,4,12,3456,0,2,2,4,3239,0,1,1,305.2449902
2,114,634,6,364,27,37,524,2,220,24,14,431,1,105,19,7,373,0,51,16,4,326,0,19,10,163.2806307
2,15,229,0,0,1,6,150,0,0,0,3,113,0,0,0,1,80,0,0,0,0,48,0,0,0,281.106
2,3,212,0,1,14,0,163,0,1,12,0,128,0,1,11,0,87,0,0,8,0,69,0,0,5,226.1829934
2,21,494,0,783,9,11,356,0,715,3,3,235,0,629,3,1,154,0,520,2,0,94,0,448,2,110.4331111
2,0,63,0,24,1,0,47,0,19,0,0,41,0,15,0,0,37,0,11,0,0,27,0,10,0,685.9363489
2,22,744,0,14,12,10,679,0,11,11,5,626,0,10,8,1,577,0,8,7,0,524,0,8,5,261.9359594
2,159,948,0,253,12,47,715,0,200,8,10,541,0,126,7,3,402,0,67,5,2,284,0,38,4,196.4016425
2,371,662,0,191,161,234,471,0,160,140,133,330,0,122,120,63,242,0,93,107,37,183,0,74,95,208.6750849
2,16,438,0,52,23,7,310,0,40,16,1,242,0,29,10,0,186,0,17,9,0,153,0,3,7,195.5983884
2,284,607,2,3959,259,131,392,1,3549,220,43,259,0,2999,179,11,174,0,2418,141,2,128,0,1942,104,101.9519417
2,135,1253,0,361,26,33,779,0,259,18,7,464,0,161,6,2,262,0,86,4,1,162,0,51,2,182.5946106
2,108,885,0,28,5,50,704,0,22,5,18,558,0,16,3,5,446,0,9,3,3,353,0,4,2,238.9091457
2,220,829,5,1786,5,108,548,2,1348,1,40,363,1,828,1,16,237,0,457,1,6,160,0,263,1,160.0639298
2,175,3598,0,594,14,69,2579,0,512,11,26,1602,0,423,9,7,966,0,322,6,0,586,0,238,4,168.5710932
2,547,913,7,626,12,331,620,3,521,7,203,403,1,407,5,112,256,0,320,5,61,155,0,241,3,162.0109433
2,67,155,0,29,11,33,106,0,10,8,15,80,0,8,7,9,56,0,5,5,2,35,0,3,5,273.2142196
2,464,1731,1,62,3,326,1412,0,54,3,217,1160,0,46,1,130,915,0,39,1,72,743,0,31,1,261.7578352
2,204,461,0,164,12,80,289,0,145,11,24,183,0,122,9,9,109,0,106,6,2,71,0,80,6,212.3760874
2,10,1597,0,11,8,2,1387,0,5,6,0,1153,0,3,5,0,943,0,1,4,0,746,0,1,2,300.1128116
2,95,1436,1,251,49,34,1188,0,208,35,16,974,0,152,26,3,758,0,91,16,1,600,0,60,9,181.1723239
2,19,654,0,183,74,2,517,0,151,47,1,379,0,105,34,0,277,0,61,26,0,211,0,29,21,205.4002049
2,260,3597,6,813,3,69,2189,1,704,2,13,1257,1,509,0,1,715,0,315,0,0,444,0,139,0,174.7333899
2,504,2132,2,127,62,235,1286,0,103,46,103,739,0,73,33,57,442,0,32,20,19,296,0,17,10,175.0752868
2,291,460,3,69,26,171,330,1,53,17,101,242,1,40,11,53,179,1,32,8,27,142,0,23,7,242.0554991
2,433,1058,0,47,2,192,715,0,41,2,60,479,0,29,2,18,344,0,20,0,4,277,0,12,0,176.8522517
2,147,144,16,28,3,101,90,12,20,2,64,52,9,13,1,33,31,3,13,0,13,21,3,10,0,185.6130611
2,163,226,1,234,1,105,165,1,200,0,48,128,0,159,0,23,99,0,133,0,12,83,0,97,0,146.3096958
2,208,1416,0,100,4,81,987,0,80,2,21,671,0,53,1,7,490,0,33,1,3,373,0,15,0,181.6634477
2,36,659,1,34,4,12,507,1,22,3,6,406,1,13,3,2,319,0,6,3,0,253,0,3,1,184.2341685
2,425,2373,0,7,5,228,2022,0,6,5,113,1732,0,3,3,34,1472,0,2,0,13,1267,0,1,0,248.5398378
2,163,3249,1,5,3,77,2869,0,4,1,24,2532,0,4,0,3,2280,0,3,0,1,2066,0,3,0,246.384471
2,38,370,5,985,2,9,215,0,853,2,2,111,0,627,2,0,57,0,388,1,0,33,0,232,0,150.6604339
2,29,3501,0,126,26,10,3171,0,84,16,4,2771,0,50,11,0,2319,0,19,6,0,1964,0,8,3,192.0930696
2,51,2399,1,162,32,22,1947,1,130,22,11,1479,0,90,14,5,1056,0,54,6,4,777,0,27,1,182.4749294
2,44,4330,1,539,45,13,3765,1,404,25,5,3073,0,243,9,0,2370,0,125,4,0,1775,0,73,2,156.5585167
2,179,1754,1,16,3,47,1098,0,10,1,16,667,0,8,0,5,434,0,3,0,2,306,0,1,0,185.8945686
2,92,1077,0,44,12,34,822,0,30,10,14,592,0,22,5,3,414,0,13,2,0,313,0,6,2,214.5757752
2,121,1568,1,40,5,43,982,0,24,3,14,608,0,11,2,3,364,0,4,2,0,229,0,0,2,177.414457
2,48,733,22,144,7,14,533,11,92,5,6,358,6,53,3,1,227,2,27,0,1,148,1,11,0,217.4998201
2,207,749,8,3310,57,113,439,6,2611,29,63,248,2,1843,16,34,130,0,1104,9,14,79,0,546,3,103.3638127
2,160,502,3,862,2,81,358,1,777,2,35,247,0,672,1,13,177,0,498,1,6,139,0,382,0,153.5745755
2,111,1130,4,390,4,35,819,1,345,2,14,545,0,275,2,2,344,0,196,2,0,250,0,114,1,219.2783348
2,433,415,4,90,11,177,238,1,54,7,55,128,0,22,3,22,61,0,9,1,5,30,0,2,0,191.6813921
2,299,908,2,271,4,101,428,2,204,3,38,221,1,113,1,9,117,0,51,0,3,71,0,10,0,178.2889131
2,53,629,6,399,28,16,385,0,292,20,6,231,0,184,19,1,148,0,84,14,1,109,0,33,10,170.6248122
2,42,258,10,576,2,15,177,4,414,2,4,118,3,252,1,0,85,2,154,1,0,55,2,65,0,183.9239818
2,509,273,7,259,7,284,142,4,209,4,130,62,2,146,2,55,30,2,89,1,14,15,1,55,1,168.0983644
2,33,1809,3,118,45,17,1607,3,89,32,6,1426,0,61,20,2,1258,0,40,16,0,1126,0,26,10,213.2526858
2,38,1246,0,18,7,12,964,0,13,5,4,694,0,6,3,2,494,0,1,2,0,358,0,0,2,211.3426485
2,22,530,1,13,11,9,397,1,8,8,4,287,0,5,6,1,191,0,4,6,1,139,0,2,6,222.4373718
2,65,2013,0,57,38,20,1451,0,42,23,9,949,0,30,14,2,598,0,19,9,0,390,0,14,6,168.5125475
2,53,1415,7,54,23,20,941,2,27,17,8,612,1,12,10,1,396,0,5,8,0,252,0,0,5,177.9151518
2,43,114,37,375,11,15,56,10,236,7,5,24,1,113,4,0,11,0,49,1,0,10,0,20,1,147.5659982
2,61,1197,11,162,18,30,1012,5,112,10,13,833,2,71,8,5,691,1,36,6,1,587,0,24,3,184.2588081
2,72,516,19,42,42,37,345,7,18,33,13,221,3,7,20,5,154,1,4,16,1,109,0,0,12,178.4574684
2,111,1110,0,91,9,41,810,0,67,5,12,560,0,47,4,6,391,0,31,1,4,300,0,20,1,204.5640415
2,19,2130,0,13,5,8,1976,0,12,4,3,1839,0,9,3,1,1738,0,5,3,0,1647,0,3,2,311.9237791
2,157,617,2,43,12,56,351,0,32,9,20,195,0,22,8,4,111,0,19,5,3,71,0,16,5,182.0535002
2,27,1670,26,158,63,12,1550,12,97,49,6,1406,6,66,35,1,1203,2,40,19,0,1005,1,29,8,237.5955676
2,180,423,0,152,9,116,303,0,130,9,54,221,0,110,7,30,151,0,99,2,15,103,0,88,2,148.408972
2,46,842,0,88,19,19,716,0,56,16,6,580,0,40,8,1,453,0,25,6,1,370,0,18,5,233.9916775
2,55,804,1,32,7,17,663,1,20,7,6,547,1,12,5,1,442,0,8,3,0,385,0,3,1,260.0184649
2,153,1071,15,415,30,68,734,5,296,22,29,487,2,171,15,17,315,0,85,8,8,218,0,58,6,170.9746942
2,88,740,4,139,19,36,505,1,75,15,12,350,0,42,9,3,224,0,19,3,2,146,0,8,2,166.4152131
2,277,703,26,3254,8,116,374,9,2688,4,53,217,0,1991,3,27,132,0,1276,2,11,87,0,726,1,156.4876557
2,56,314,0,1186,21,16,203,0,1081,15,6,123,0,926,8,2,71,0,717,6,1,41,0,566,2,135.8115368
2,191,586,0,10,1,96,446,0,9,0,48,323,0,8,0,19,251,0,5,0,7,208,0,2,0,228.5310743
2,153,2599,0,685,6,48,1710,0,576,4,13,1108,0,419,1,3,729,0,228,1,1,500,0,124,1,172.3396613
2,353,707,0,123,13,148,385,0,98,12,51,210,0,70,10,19,109,0,50,7,3,59,0,34,4,182.3879844
2,71,764,0,309,0,24,532,0,258,0,6,360,0,181,0,2,258,0,125,0,0,185,0,83,0,183.9966286
2,27,348,0,37,3,10,254,0,28,3,5,176,0,20,3,1,129,0,12,3,0,90,0,10,2,188.0726389
2,110,1908,2,394,28,45,1581,2,302,22,16,1249,1,201,15,7,998,0,126,9,4,812,0,76,6,162.5543307
2,135,1514,9,123,5,71,1324,3,87,4,33,1101,1,68,3,12,884,0,49,3,4,672,0,33,0,160.7686379
2,23,389,9,13,25,12,307,3,6,18,1,232,1,4,12,1,178,0,1,8,1,138,0,0,3,227.0023981
2,737,631,0,214,11,388,364,0,189,9,180,210,0,150,7,57,126,0,119,7,14,83,0,86,2,221.5482572
2,344,486,10,57,80,201,345,4,42,55,120,257,2,32,39,65,203,1,17,28,31,165,1,11,17,221.7220094
2,371,100,2,153,3,207,62,1,118,1,88,34,1,84,1,36,26,0,49,1,4,19,0,34,1,167.8146725
2,704,680,0,112,18,367,326,0,65,15,166,168,0,26,9,60,93,0,15,5,23,60,0,8,1,173.9237806
2,415,1183,6,106,67,234,859,3,75,55,139,616,2,48,40,81,418,1,33,32,34,307,1,23,24,167.9763324
2,2,157,0,5,0,2,101,0,2,0,0,64,0,0,0,0,41,0,0,0,0,23,0,0,0,774.4251219
2,12,288,12,498,24,5,200,6,395,15,0,129,2,277,5,0,86,1,196,3,0,62,0,141,1,167.6903718
2,45,5013,0,38,36,17,4419,0,22,31,3,3673,0,16,29,1,2864,0,10,27,1,2114,0,7,15,174.3314962
2,153,975,0,5,18,45,654,0,4,15,15,374,0,1,12,5,213,0,1,8,1,142,0,0,6,192.3462518
3,75,179,234,1039,16,33,123,95,731,10,17,74,35,467,6,10,43,11,281,5,3,31,5,187,3,173.54235300707654
3,68,388,73,628,46,35,261,29,407,36,9,138,12,226,28,2,70,3,114,17,2,41,0,77,14,115.18480710246348
3,122,660,162,265,1,41,447,106,168,1,16,266,56,84,1,4,147,29,34,1,0,76,15,15,1,182.77212159882177
3,77,24,112,2329,16,28,9,62,1727,10,7,2,32,1142,7,0,0,8,737,7,0,0,1,476,7,116.28025022604058
3,588,220,2,18,13,433,139,2,9,5,281,101,2,8,3,151,65,0,5,2,69,47,0,4,2,167.80745580978282
3,109,66,178,63,3,56,41,76,46,2,25,28,28,38,2,11,14,13,25,2,4,12,3,17,1,229.72116844541014
3,562,153,586,144,4,376,84,535,82,3,200,54,491,50,2,97,27,450,37,2,47,18,414,29,2,154.93765873395506
3,37,165,153,57,13,23,104,107,38,8,9,70,70,23,4,4,42,43,12,4,0,32,28,7,1,284.53004203259843
3,322,41,4,976,4,178,12,1,595,3,85,2,1,336,2,35,0,1,160,2,9,0,0,86,0,171.43358771543242
3,14,36,7,18,18,9,21,5,13,12,4,17,4,11,8,2,12,3,7,4,0,6,0,4,2,460.5489436244063
3,218,144,18,52,33,116,64,5,20,24,64,24,1,3,18,36,10,1,1,14,11,6,0,0,10,155.2314227469303
3,11,8,217,139,9,6,2,159,71,7,3,1,109,33,6,1,0,69,12,4,1,0,30,5,3,267.8361443128364
3,1329,187,6,290,61,1014,133,5,199,51,728,84,4,142,34,465,49,2,103,21,307,34,0,80,17,128.52695643490537
3,315,85,1,195,13,199,36,1,118,8,113,20,0,73,6,56,10,0,44,5,19,6,0,22,2,170.97919105544315
3,164,44,9,41,5,107,25,6,27,4,65,13,1,11,3,41,5,1,2,1,29,2,0,0,0,161.02685991687815
3,130,52,118,397,33,79,28,55,271,24,38,20,22,179,14,21,9,13,113,9,8,6,3,65,4,217.7274968643076
3,120,407,4,285,1,58,260,1,248,1,26,174,1,200,0,7,102,1,150,0,3,75,0,113,0,236.92369343493803
3,35,10,1,26,0,18,6,0,14,0,8,5,0,7,0,1,3,0,2,0,0,3,0,2,0,182.86262268490017
3,182,35,15,48,2,103,17,9,27,1,57,6,1,12,1,21,1,0,9,1,6,0,0,5,0,196.17508686821986
3,1352,5,415,81,7,849,2,305,40,2,445,1,210,10,2,207,1,149,2,2,74,1,99,1,1,152.45038785145096
3,480,97,0,1151,7,294,60,0,1106,6,152,35,0,1027,5,60,19,0,927,4,22,13,0,798,1,133.37470195668377
3,731,30,70,52,1,405,12,46,27,0,177,4,34,11,0,72,1,17,5,0,25,0,8,4,0,183.14568145653618
3,2819,16,305,124,2,2093,8,247,98,1,1279,4,193,67,1,660,3,148,30,1,291,2,108,8,1,145.1979524155036
3,1591,1,103,38,0,967,0,78,21,0,474,0,59,9,0,167,0,34,4,0,49,0,19,3,0,176.72427940553794
3,1828,10,73,57,1,1272,3,44,37,1,757,1,26,21,0,358,0,12,14,0,133,0,6,9,0,174.95872584896722
3,22,3,457,29,12,12,2,331,21,7,7,2,223,12,3,5,1,143,8,2,0,0,83,5,2,499.9896743753304
3,864,2,227,92,9,535,2,141,38,6,251,2,85,21,1,72,0,52,6,1,11,0,26,2,0,143.9639736692063
3,528,27,185,21,2,217,16,121,15,1,78,10,81,10,1,24,5,45,5,0,4,3,25,2,0,166.52825490452813
3,823,3,1904,134,18,586,3,1528,73,9,361,1,1135,33,7,198,0,795,17,2,81,0,523,9,2,153.3721061471518
3,803,9,236,80,2,453,5,173,40,1,185,4,112,18,1,64,3,54,12,1,14,2,34,6,0,144.5840419099926
3,368,4,2710,58,1,243,2,2201,31,1,137,1,1715,8,1,69,0,1296,3,1,28,0,918,3,1,334.8774770541096
3,756,1,1886,635,10,582,0,1304,410,5,397,0,812,225,4,190,0,465,110,2,64,0,264,34,1,140.64843515207858
3,4229,0,491,31,9,3535,0,363,16,2,2667,0,230,9,1,1614,0,153,6,0,810,0,95,2,0,136.35757534218095
3,1431,48,22,20,12,950,18,10,10,8,535,7,5,5,5,228,3,1,4,3,94,2,1,2,2,143.14126745662756
3,488,11,714,458,0,343,7,487,332,0,208,1,310,211,0,107,1,177,120,0,49,0,100,60,0,145.81132738925655
3,588,5,87,23,4,380,2,58,11,3,203,2,41,5,2,89,2,19,4,1,36,0,10,3,0,165.36187686513742
3,1057,15,148,53,1,688,9,86,23,1,356,6,42,7,0,133,2,25,2,0,37,0,8,0,0,128.16612057519944
3,709,27,11,9,0,417,16,9,4,0,219,7,6,3,0,97,6,3,2,0,29,4,1,1,0,217.80610801526092
3,561,6,36,3,2,302,4,17,3,1,113,3,9,0,0,43,1,2,0,0,12,1,0,0,0,165.2664021806097
3,632,1,1662,73,2,438,1,1188,33,2,276,0,819,14,1,148,0,525,8,0,61,0,336,3,0,202.57823606925044
3,129,0,54,9244,0,107,0,42,8406,0,72,0,30,7126,0,33,0,21,5716,0,10,0,13,4711,0,86.92463275760521
3,1307,8,298,229,0,704,3,206,183,0,303,1,142,151,0,104,1,98,125,0,32,0,61,106,0,132.04901659999783
3,85,1,497,18,1,50,0,370,9,0,23,0,263,5,0,9,0,175,2,0,3,0,108,2,0,297.64553424928357
3,981,18,307,164,34,772,10,205,76,30,507,5,111,25,22,274,5,67,9,12,116,3,43,3,3,155.5203034418372
3,7237,8,20,19,4,6627,7,16,10,2,5580,5,9,7,1,4088,3,5,6,1,2522,1,3,4,1,156.25822545140275
3,2649,12,515,94,8,2135,4,366,60,8,1509,1,251,34,4,841,1,169,14,2,360,0,114,9,1,134.88041852385857
3,1557,2,129,16,4,1070,1,86,14,2,579,0,54,3,1,268,0,33,2,0,88,0,21,2,0,136.1150473135737
3,2361,8,27,51,1,1812,7,11,41,1,1085,5,8,26,0,501,4,2,20,0,182,4,0,13,0,156.8602370952217
3,644,3,114,50,3,423,3,64,26,1,205,2,42,12,0,64,0,22,6,0,21,0,10,4,0,150.4736857943688
3,734,3,39,1,0,455,0,31,1,0,196,0,22,1,0,72,0,13,0,0,8,0,9,0,0,147.75845505373658
3,523,17,111,15,0,302,8,79,9,0,147,4,52,6,0,58,2,37,4,0,26,1,32,3,0,172.4884947292837
3,73,2,908,25,4,46,2,734,13,2,27,1,561,6,2,11,1,407,4,0,5,1,273,3,0,284.5155834212993
3,1796,5,109,26,2,1355,3,82,14,2,864,0,67,5,1,471,0,43,3,0,204,0,36,0,0,145.33514666990578
3,659,3,1926,45,5,476,0,1601,22,2,306,0,1266,11,1,171,0,958,4,0,69,0,716,2,0,160.47755389968754
3,910,22,124,23,4,566,18,96,14,3,294,11,65,9,3,110,9,39,4,3,28,6,23,2,2,153.74914334674844
4,18,13,5,13391,139,11,6,5,12419,87,7,3,5,11203,57,3,2,3,9887,36,2,2,3,8745,22,84.49213824497548
4,31,13,2,1696,22,20,8,0,1479,16,8,7,0,1265,12,5,5,0,1055,10,2,4,0,875,9,279.56716469663405
4,11,102,0,217,6,3,67,0,179,6,1,43,0,131,5,0,26,0,100,4,0,17,0,72,3,212.9026897679492
4,326,616,6,1089,6,136,424,3,933,4,41,272,2,761,3,8,184,0,582,2,1,133,0,444,0,191.88245221149276
4,62,40,421,7461,21,29,19,289,6694,16,6,11,170,5669,11,2,5,104,4471,8,0,3,53,3383,6,176.31327697781728
4,105,53,2,6067,210,63,34,1,5543,147,23,20,0,4754,92,15,8,0,3878,55,6,4,0,3147,24,84.3685069516711
4,49,66,13,5300,13,23,35,7,4802,9,11,26,2,4227,7,1,14,0,3525,3,0,12,0,2823,2,224.58247968822445
4,36,78,59,5253,15,22,51,39,4944,11,14,27,28,4531,9,5,17,14,4022,4,4,13,8,3403,4,158.62169319864827
4,168,86,0,3419,34,103,57,0,3144,30,68,37,0,2775,25,50,24,0,2315,16,39,20,0,1827,11,103.91281169940089
4,185,43,18,5480,49,111,23,10,5005,39,66,13,1,4378,34,28,10,0,3643,24,4,6,0,2957,17,158.14768878013734
4,12,30,28,11325,74,5,26,13,10339,46,4,21,9,9129,28,2,18,3,7830,18,0,18,2,6628,13,168.13663524025387
4,123,208,0,1819,27,52,110,0,1565,18,15,61,0,1287,12,6,28,0,1041,5,2,13,0,854,5,142.17762504004128
4,212,220,1,457,233,119,125,1,387,172,53,69,1,316,118,13,33,0,252,82,4,16,0,201,55,196.32450544209308
4,89,236,7,5849,50,49,181,6,5550,31,29,143,4,5096,26,15,108,4,4578,16,4,74,2,3978,8,98.83604707962054
4,40,168,11,1036,19,16,98,5,845,14,3,50,1,661,9,1,32,0,480,6,0,19,0,326,4,170.37130107270542
4,2,16,4,4114,62,1,13,3,3137,41,0,9,2,2032,23,0,8,1,1188,14,0,7,0,666,9,110.90435577576258
4,21,497,1,1433,59,11,428,1,1261,50,4,343,0,1056,38,3,261,0,868,34,1,200,0,686,24,158.9258439543968
4,66,260,0,3227,611,32,179,0,2623,467,12,120,0,1956,307,6,78,0,1355,200,2,45,0,985,103,90.71304387751286
4,168,565,0,1196,18,119,434,0,997,12,68,318,0,778,10,36,229,0,607,6,17,167,0,452,1,225.95353409456317
4,49,691,0,3742,188,13,504,0,3282,151,3,322,0,2757,100,1,176,0,2238,65,0,90,0,1895,33,95.64306009637764
4,278,458,87,4770,107,144,269,48,4129,81,67,152,22,3245,58,28,73,10,2363,44,8,43,5,1573,25,141.08147124695546
4,359,88,1,1243,14,282,66,0,1136,10,202,51,0,1027,7,123,32,0,898,4,68,24,0,771,3,184.9564986055116
4,93,132,0,1373,137,51,68,0,1043,92,21,41,0,738,63,5,25,0,490,44,0,16,0,330,25,138.9553962299844
4,27,680,0,740,67,11,532,0,646,55,4,383,0,516,43,2,284,0,396,26,0,199,0,302,18,145.71935834175554
4,15,23,10,567,4,10,14,4,496,4,8,7,2,399,3,3,5,2,295,1,1,4,2,212,1,259.2299813884075
4,53,343,2,4017,13,20,218,1,3613,9,6,141,0,3153,5,0,80,0,2573,5,0,48,0,2060,2,168.7079388966039
4,177,291,24,2590,82,159,237,15,2439,72,147,194,9,2205,60,133,161,5,1959,47,116,145,3,1709,36,300.6759762420042
4,73,14,0,8368,17,39,6,0,7275,11,18,3,0,6013,4,5,2,0,4751,1,1,2,0,3816,0,105.03952038516908
4,4,43,0,273,51,2,27,0,203,40,0,21,0,148,33,0,15,0,105,29,0,8,0,65,19,218.42110632555344
4,37,138,6,1504,4,23,120,2,1276,4,12,94,0,1019,3,6,70,0,773,2,1,47,0,548,1,222.7563263432145
4,56,380,5,1661,40,23,287,5,1535,30,9,205,4,1367,19,4,154,2,1184,16,2,129,1,965,9,156.4927312475197
4,179,286,6,1033,68,110,188,1,867,50,66,141,0,694,37,35,98,0,503,24,23,71,0,391,13,173.79318706608032
4,53,26,0,131,7,36,14,0,111,5,20,9,0,89,4,6,6,0,72,2,2,5,0,54,0,180.11020707243904
4,23,627,1,1417,258,8,558,0,1074,220,3,471,0,744,178,1,375,0,464,143,1,307,0,341,114,106.31924144363998
4,3,50,0,4874,363,2,33,0,3657,262,1,25,0,2407,191,0,15,0,1465,121,0,10,0,902,69,87.33402532110036
4,218,240,3,4703,169,109,147,1,4030,130,50,74,1,3144,97,15,36,0,2265,59,6,25,0,1628,34,96.53493169936405
4,25,33,1,4567,26,14,25,1,4344,14,11,19,0,4044,11,4,11,0,3699,10,3,8,0,3337,9,175.2764066776972
4,9,14,5,9168,40,2,8,3,8314,26,2,5,0,7270,16,0,5,0,6048,5,0,5,0,5042,3,158.9976413078402
4,59,503,82,1736,35,38,415,50,1409,27,23,341,33,1080,20,13,286,22,810,12,6,248,13,596,8,166.9200182620321
4,13,153,3,1422,27,5,109,3,1293,22,2,70,2,1150,18,0,46,1,1005,15,0,31,0,868,10,172.97445563888152
4,235,320,0,183,39,107,166,0,139,26,46,77,0,105,20,12,35,0,78,11,4,21,0,58,5,181.92687531615948
4,9,10,1,8698,9,4,3,1,8272,5,1,1,0,7690,3,0,0,0,6940,2,0,0,0,6190,1,104.98361795823047
4,10,182,2,14573,89,1,141,1,14002,55,1,106,1,13158,34,0,79,1,12185,18,0,49,1,11218,9,113.21874194809988
4,77,359,0,1079,14,21,272,0,1014,7,3,207,0,902,5,0,162,0,759,2,0,130,0,661,1,156.76987632775834
4,18,46,2,5340,3,6,28,1,5068,0,1,20,1,4716,0,1,8,1,4173,0,0,5,1,3547,0,96.48366297743405
4,18,36,2,8902,132,12,26,1,8566,108,9,18,1,8038,80,7,15,1,7184,59,3,14,0,6219,37,180.3191549053401
4,142,91,0,5605,31,85,64,0,4863,24,36,38,0,4068,19,21,17,0,3328,16,5,12,0,2789,11,109.95945905554422
4,160,217,0,1294,61,59,129,0,1038,51,17,73,0,802,35,6,34,0,585,27,2,22,0,446,17,169.6396570472456
4,396,180,5,2523,62,262,121,2,2002,47,139,76,1,1400,35,62,52,0,958,22,23,38,0,652,12,93.33161224661228
4,64,277,7,2430,16,28,194,3,2241,14,9,136,2,2042,8,2,86,0,1799,4,2,59,0,1574,3,612.9044039264957
4,37,56,0,7712,53,17,37,0,7306,41,8,32,0,6817,32,3,24,0,6182,24,0,18,0,5585,14,182.5879452699615
4,33,32,0,7414,581,13,20,0,6834,414,8,13,0,6273,278,4,9,0,5712,189,0,9,0,5276,117,112.54380631189483
4,71,104,2,2831,19,49,72,0,2620,14,25,43,0,2334,10,10,24,0,2010,5,4,8,0,1697,4,170.32186177037107
4,105,311,0,681,35,53,224,0,621,27,20,153,0,541,19,12,103,0,470,13,5,78,0,415,8,172.99583788514195
4,38,83,0,833,55,22,54,0,744,48,10,28,0,646,41,4,16,0,531,30,2,11,0,429,20,161.82000850598456
4,40,180,21,1245,38,24,146,8,1019,30,12,125,5,818,20,4,103,2,600,17,2,89,0,428,13,230.90300566980497
4,384,231,4,4906,155,304,176,2,4383,122,232,119,2,3855,91,153,82,1,3342,61,92,53,1,2885,49,122.9836240825109
4,10,45,4,1753,12,7,18,2,1541,6,4,12,0,1284,3,0,7,0,990,1,0,6,0,738,1,215.64646118630696
4,79,216,0,1041,14,34,130,0,957,9,13,60,0,847,8,4,31,0,710,5,1,15,0,591,3,148.65683403111285
4,10,177,0,1380,26,3,127,0,1245,21,2,89,0,1047,13,0,65,0,845,10,0,48,0,663,6,158.51998914796746
4,37,394,0,7783,379,18,278,0,6837,290,7,180,0,5714,209,0,107,0,4731,142,0,64,0,4026,80,88.41220007547115
4,73,203,3,5755,78,34,116,0,5403,61,10,65,0,4939,45,3,37,0,4301,32,0,26,0,3692,18,109.52871865157306
4,167,530,0,3329,12,91,411,0,3224,7,41,323,0,3071,6,16,250,0,2877,2,10,188,0,2665,0,166.36120688742173
4,1,84,0,5895,97,1,59,0,5399,57,0,39,0,4726,36,0,27,0,3907,23,0,18,0,3169,14,98.92963965112891
4,92,966,0,1158,3,44,752,0,1045,3,12,544,0,882,3,4,408,0,691,2,1,294,0,538,2,165.41514888891328
4,76,140,0,9193,4,29,83,0,8870,3,11,51,0,8408,2,2,29,0,7722,1,1,19,0,6975,1,95.69479203258513
4,14,45,0,428,87,5,33,0,361,71,1,25,0,296,65,1,18,0,251,63,1,13,0,204,55,249.9741263766253
4,49,183,1,16168,542,26,141,1,15384,438,17,109,0,14318,328,10,69,0,13140,233,3,44,0,11862,157,115.29516750436433
4,358,346,13,3357,32,163,239,5,2749,26,50,166,1,2105,19,14,102,0,1474,15,1,81,0,980,11,111.97026687726633
4,10,423,0,1128,10,4,361,0,1056,7,0,297,0,948,7,0,227,0,818,5,0,188,0,688,4,154.21722487744347
4,61,150,0,4547,6,20,87,0,4285,4,9,42,0,3792,2,0,23,0,3138,2,0,16,0,2468,2,87.00626722619631
4,41,227,0,357,12,29,178,0,328,9,12,133,0,304,8,8,95,0,266,7,3,70,0,220,5,165.7479768032189
4,167,157,0,197,36,114,83,0,182,28,86,56,0,169,21,67,35,0,154,16,43,25,0,142,7,658.1850923566168
4,50,54,0,36631,132,28,36,0,35599,97,9,22,0,34487,71,3,14,0,33393,39,0,7,0,32440,25,80.18123460636107
4,111,170,0,7239,109,69,116,0,6650,85,40,77,0,5903,54,22,43,0,5018,33,11,25,0,4270,19,87.38894920958309
4,12,145,0,1424,27,4,85,0,1332,18,1,65,0,1176,12,0,45,0,1007,11,0,26,0,835,7,96.18078933328863
4,25,70,4,4605,25,9,44,0,4114,22,3,32,0,3541,17,0,19,0,2858,13,0,14,0,2099,8,107.19401706570889
4,220,660,0,12109,85,96,464,0,11161,64,34,303,0,9785,38,11,183,0,7896,21,4,134,0,6052,11,98.23675076101172
4,35,165,15,855,14,18,112,9,731,11,10,79,4,574,10,7,55,4,449,8,1,36,4,350,7,163.92771147517294
4,144,121,0,4400,20,97,82,0,4128,13,52,48,0,3725,9,18,30,0,3211,7,7,22,0,2746,3,88.87633843307687
4,4,60,0,17651,22,1,45,0,17177,15,0,38,0,16410,11,0,28,0,15307,10,0,22,0,14058,7,77.60143596292787
4,16,671,0,1187,22,3,492,0,1068,16,0,346,0,918,12,0,235,0,795,7,0,165,0,686,2,149.49289060820746
4,5,17,0,4645,80,4,14,0,2736,48,3,12,0,1424,27,2,8,0,802,18,0,6,0,531,12,68.93923703758603
4,92,758,0,1435,31,31,519,0,1297,23,4,358,0,1164,18,1,225,0,996,10,0,161,0,883,3,154.11882003827589
4,10,161,0,12443,175,6,124,0,11797,148,1,81,0,10909,124,0,45,0,9778,94,0,26,0,8652,64,86.73241818750644
4,13,143,0,7068,61,9,98,0,6511,41,3,71,0,5865,26,0,47,0,5158,20,0,34,0,4545,14,91.24645510762036
4,41,694,0,8337,52,19,507,0,7658,43,4,377,0,6753,34,1,280,0,5796,23,0,203,0,5039,16,89.39704784833309
4,18,274,0,11457,92,4,196,0,10789,68,0,129,0,9916,45,0,86,0,9004,31,0,55,0,8295,21,87.59823232426798
4,8,843,0,2702,31,1,707,0,2415,23,0,572,0,2079,10,0,471,0,1745,8,0,375,0,1474,6,177.0816104515295
4,8,42,0,6621,82,4,25,0,5915,53,2,16,0,5155,25,0,5,0,4442,10,0,4,0,3870,6,86.85267176826953
4,4,1176,0,3717,34,3,976,0,2764,17,2,768,0,1830,11,0,581,0,1128,8,0,441,0,732,3,103.9442071934587
4,38,55,0,24173,680,28,36,0,22301,519,18,28,0,19405,377,10,20,0,15966,248,5,17,0,13303,148,82.18710948470518
4,98,327,1,3078,25,32,201,1,2854,16,13,101,0,2493,9,4,53,0,2080,7,1,28,0,1689,5,167.1800443782979
4,488,249,5,520,96,243,139,4,431,66,100,64,1,316,40,37,31,0,221,26,14,19,0,143,11,153.7882036852339
4,771,891,3,4444,59,358,492,2,3863,38,163,243,1,3207,14,65,129,0,2485,9,29,62,0,1958,5,138.4753928900813
4,129,277,4,10753,86,73,166,0,9972,58,30,97,0,8731,39,13,48,0,7113,20,4,22,0,5618,11,84.03785697071677
4,89,75,17,3361,19,40,28,8,2813,13,20,13,5,2167,9,7,10,3,1487,7,3,4,0,948,7,105.57761233467167
4,342,100,17,338,10,187,48,7,255,7,89,27,1,174,5,42,17,0,117,4,14,9,0,84,1,172.10077050283485
4,81,144,0,88,8,36,92,0,76,8,12,58,0,63,5,5,26,0,49,3,1,18,0,38,1,178.7527515216275
4,86,243,3,837,13,54,138,2,751,10,19,80,0,662,7,4,45,0,530,5,2,21,0,407,2,259.92858919037076
4,333,429,10,462,37,143,223,4,293,26,51,121,2,159,19,16,72,1,75,14,3,36,1,38,8,148.6306411216867
4,70,335,10,933,2,35,205,5,818,2,16,112,2,665,1,6,56,1,517,1,2,36,0,389,0,154.3800824087537
4,69,962,7,1090,13,27,653,1,958,8,14,395,0,836,5,3,226,0,682,2,2,130,0,522,1,170.4628759678851
4,3,375,0,115,5,1,264,0,99,3,0,157,0,81,3,0,91,0,58,1,0,40,0,44,1,176.87871022759145
4,8,1224,1,724,16,1,783,0,477,11,1,459,0,284,3,1,272,0,127,1,0,160,0,58,0,170.47893937965074
4,212,1772,9,3088,78,113,1260,3,2866,60,61,824,0,2592,45,30,524,0,2294,34,10,335,0,1953,28,135.33984527134177
4,38,310,10,10175,148,13,161,2,8803,100,2,76,1,6792,71,0,45,1,4505,49,0,24,0,2620,21,87.07106174052412
4,68,930,23,4552,3,20,605,2,4045,0,6,353,1,3371,0,0,191,1,2523,0,0,99,1,1600,0,140.63452519388483
4,20,205,12,550,15,9,124,6,384,10,3,65,3,258,4,0,31,0,152,1,0,14,0,86,0,163.62299632999196
4,158,518,5,677,3,61,291,0,587,1,22,143,0,455,1,7,68,0,311,1,0,34,0,198,0,162.39296874950864
4,378,79,173,8421,150,276,46,22,6981,106,187,20,5,5437,66,111,10,0,3902,36,54,6,0,2727,18,85.61782252220624
4,944,0,127,4276,5,725,0,83,3880,3,499,0,41,3457,1,260,0,19,3058,0,97,0,10,2755,0,111.24515018703714
