x_y,segment,det,classify,det,xmin,ymin,xmax,ymax
35632_27742,ASCUS,0.150726,ASCUS,0.81377196,344.594788,188.639435,483.681274,300.282806
45968_36862,ASCUS,0.909272,ASCUS,0.99914396,378.940735,440.070648,492.484619,577.978455
45968_36862,ASCUS,0.420263,ASCUS,0.9444945,259.209473,418.849487,421.200562,566.872925
41712_38078,ASCUS,0.387221,ASCUS,0.9935002,471.708435,261.679291,563.751770,356.352325
41712_38078,ASCUS,0.059863,ASCUS,0.71864474,511.389343,363.917786,604.090027,557.580688
20432_14974,ASCUS,0.998690,ASCUS,0.71522725,259.115570,196.413574,421.815460,406.678833
4016_31390,ASCUS,0.834453,ASCUS,0.69992495,306.501556,219.823090,513.727417,469.233063
3408_34430,ASCUS,0.068228,ASCUS,0.36597368,498.245331,567.503601,569.428467,608.000000
40496_35038,ASCUS,0.963143,ASCUS,0.5117499,58.777519,404.369659,204.764587,565.958984
40496_35038,ASCUS,0.051614,ASCUS,0.98147297,392.870575,287.389557,545.985474,376.774323
32592_21054,ASCUS,0.081740,ASCUS,0.853307,101.667633,126.136292,199.090485,298.315155
45360_24702,ASCUS,0.272977,ASCUS,0.7431657,297.051819,133.873550,465.547485,260.852448
28944_40510,ASCUS,0.977110,ASCUS,0.7816169,2.131138,122.390045,88.464066,269.108368
43536_18622,ASCUS,0.336870,ASCUS,0.99993265,99.259949,7.710648,214.019989,113.634636
16176_17406,ASCUS,0.289629,ASCUS,0.9995396,426.172791,12.908325,608.000000,228.614502
16176_17406,ASCUS,0.081401,ASCUS,0.9734861,347.572876,15.579006,416.103088,90.676483
36240_21662,ASCUS,0.426784,ASCUS,0.999845,314.117767,2.362434,431.347626,104.877815
27120_31998,ASCUS,0.999026,ASCUS,0.99049157,196.780701,247.157104,289.547516,417.977844
43536_25918,ASCUS,0.447080,ASCUS,0.99632204,3.071915,89.303886,168.622650,176.009430
43536_25918,ASCUS,0.331569,ASCUS,0.5250552,328.603302,196.754059,577.664062,292.601837
42320_45374,ASCUS,0.175010,ASCUS,0.99938,302.945984,475.876282,426.801819,608.000000
27120_18622,ASCUS,0.951404,ASCUS,0.799198,198.650238,158.633698,338.862335,364.003448
24688_8286,ASCUS,0.117001,ASCUS,0.8588594,394.472717,399.676208,527.661804,503.969116
39280_11934,ASCUS,0.907743,ASCUS,0.8986333,109.689590,25.645645,251.946671,208.015427
30160_16190,ASCUS,0.056677,ASCUS,0.855094,571.681030,415.545410,608.000000,538.557434
51440_20446,ASCUS,0.997051,ASCUS,0.59283066,200.259155,364.857086,367.354431,495.295685
7056_16798,ASCUS,0.992018,ASCUS,0.9811111,477.763153,291.236237,603.856628,487.238495
7056_16798,ASCUS,0.087790,ASCUS,0.9536315,154.111877,240.968552,320.356445,311.965393
20432_29566,ASCUS,0.999705,ASCUS,0.9871955,224.815659,174.624817,361.103821,312.845459
21648_41726,ASCUS,0.999689,ASCUS,0.9608355,261.856781,484.846741,389.495880,580.183044
8272_24702,ASCUS,0.131021,ASCUS,0.95474815,83.742928,88.037071,229.259460,258.845154
43536_16798,ASCUS,0.414824,ASCUS,0.93908626,448.935669,286.828217,600.611328,382.576080
24688_19838,ASCUS,0.252192,ASCUS,0.91568434,195.195465,417.857788,310.946777,503.066040
21040_8894,ASCUS,0.154852,ASCUS,0.99310654,38.408844,475.749756,243.203857,606.346558
50224_38686,ASCUS,0.013224,ASCUS,0.5152205,213.583130,281.873108,443.519653,407.315125
42320_23486,ASCUS,0.130229,ASCUS,0.9025537,296.825256,5.189781,448.289185,149.578705
37456_5854,ASCUS,0.188087,ASCUS,0.99577004,262.909180,23.673950,337.799927,257.493134
11312_24702,ASCUS,0.993987,ASCUS,0.95197105,389.062500,455.498901,530.178955,608.000000
18000_41726,ASCUS,0.063641,ASCUS,0.99761945,67.650543,153.176758,214.611084,242.755280
49616_30174,ASCUS,0.952045,ASCUS,0.88480633,173.758530,99.182571,332.831116,262.216125
37456_49022,ASCUS,0.470375,ASCUS,0.759855,227.386230,35.912949,340.760620,166.193466
24688_37470,ASCUS,0.965964,ASCUS,0.9280793,547.717102,116.662079,602.774841,231.220367
16784_28958,ASCUS,0.116751,ASCUS,0.83841944,141.626221,365.211761,316.450714,509.358490
12528_18622,ASCUS,0.085999,ASCUS,0.91946363,25.264723,515.415710,66.756393,569.044739
19824_22270,ASCUS,0.468922,ASCUS,0.92757225,72.584015,100.347900,178.786331,165.663147
50832_25310,ASCUS,0.134498,ASCUS,0.9767876,421.272308,20.715786,486.071808,85.313461
35024_15582,ASCUS,0.899278,ASCUS,0.98246205,11.793530,390.921204,120.834625,496.543152
11312_22878,ASCUS,0.984598,ASCUS,0.9883866,117.732712,291.147369,212.937027,423.398529
45360_13758,ASCUS,0.013255,ASCUS,0.99752396,214.767838,36.378632,410.420227,298.487091
19824_20446,ASCUS,0.196314,ASCUS,0.99986684,469.449280,1.000000,562.083313,60.866898
19216_16190,ASCUS,0.233016,ASCUS,0.9462763,306.391846,421.394531,472.582336,564.828735
19216_16190,ASCUS,0.067562,ASCUS,0.99267113,448.616882,475.205963,502.879211,573.834290
24688_42942,ASCUS,0.214573,ASCUS,0.9942286,89.356010,73.008934,273.367950,208.552826
45968_42334,ASCUS,0.093782,ASCUS,0.80421865,481.287292,285.217682,586.503235,530.763428
42320_41118,ASCUS,0.376435,ASCUS,0.99996424,44.512016,175.635864,253.245392,233.649414
32592_45982,ASCUS,0.092705,ASCUS,0.99615735,221.369171,566.647339,349.011383,608.000000
18608_36862,ASCUS,0.846075,ASCUS,0.99980444,289.095062,354.371857,377.981415,454.971588
37456_20446,ASCUS,0.994707,ASCUS,0.9998375,412.855652,520.250793,525.631287,607.454407
30768_45374,ASCUS,0.948354,ASCUS,0.95995224,124.432129,41.427551,547.655029,436.369080
16176_24094,ASCUS,0.051352,ASCUS,0.87083787,88.541420,248.948929,176.255341,322.318298
16176_32606,ASCUS,0.123549,ASCUS,0.9615816,267.851044,39.233803,337.358551,179.781219
21648_27742,ASCUS,0.929259,ASCUS,0.9885817,196.518066,237.533966,337.308838,487.381927
25904_16798,ASCUS,0.270158,ASCUS,0.8346782,332.268311,382.760254,378.468994,431.334045
20432_7678,ASCUS,0.517684,ASCUS,0.998164,122.140549,139.863968,224.127426,238.287704
19824_50238,ASCUS,0.748551,ASCUS,0.56105745,35.245163,182.565491,231.617722,339.807922
14960_23486,ASCUS,0.459035,ASCUS,0.9624225,7.897171,437.019653,111.175980,582.257751
26512_17406,ASCUS,0.009125,ASCUS,0.99475765,193.671143,15.007614,293.191132,104.614426
26512_28350,ASCUS,0.950977,ASCUS,0.90589964,310.731079,395.093079,401.655396,463.144775
26512_28350,ASCUS,0.062998,ASCUS,0.99875534,329.615631,367.184082,399.823517,425.253662
42320_30174,ASCUS,0.998188,ASCUS,0.6235714,229.134003,313.338043,453.384735,477.778046
19216_45374,ASCUS,0.176502,ASCUS,0.99986696,309.062134,244.855453,390.801636,357.212006
33808_8286,ASCUS,0.854608,ASCUS,0.9485711,507.457520,417.976685,573.445312,486.191772
8880_36862,ASCUS,0.054654,ASCUS,0.6872907,395.284454,316.865204,497.247101,378.667267
5840_23486,ASCUS,0.056275,ASCUS,0.7934333,293.926849,17.507626,384.769928,86.864273
5840_23486,ASCUS,0.051572,ASCUS,0.9918249,7.072746,1.000000,96.974281,124.323547
16784_41726,HSIL,0.136570,HSIL,0.9999901,131.610474,25.887661,217.648071,92.254105
32592_33214,ASCUS,0.885056,ASCUS,0.934698,243.746338,23.346050,376.782837,145.048935
8880_23486,ASCUS,0.967489,ASCUS,0.65484643,194.382721,7.693344,497.597382,138.597885
13744_14974,ASCUS,0.123746,ASCUS,0.9666795,190.620468,304.402771,362.795410,427.049683
15568_48414,ASCUS,0.010141,LSIL,0.9591161,253.184784,85.862938,413.685944,260.644379
16176_12542,ASCUS,0.999392,ASCUS,0.99703705,84.451523,76.815857,229.904068,220.808136
19216_11326,ASCUS,0.991908,ASCUS,0.97959703,210.149445,465.374573,408.597626,597.676941
41712_21662,ASCUS,0.308991,ASCUS,0.7945316,241.368942,382.020569,342.594055,526.574524
28336_35038,ASCUS,0.284605,ASCUS,0.69294786,261.496063,265.102051,403.145844,433.724792
6448_41118,ASCUS,0.892553,ASCUS,0.93693,392.226776,298.598755,470.490265,381.832825
6448_41118,ASCUS,0.198425,ASCUS,0.75812376,1.000000,164.855560,188.912781,311.220154
35632_19230,ASCUS,0.971056,ASCUS,0.99933845,266.934570,39.505322,396.083374,144.985474
44144_23486,ASCUS,0.505294,ASCUS,0.934942,31.105215,1.000000,90.615898,74.632980
44144_23486,ASCUS,0.184018,ASCUS,0.95161325,4.119917,1.242855,38.007072,72.394501
44144_23486,ASCUS,0.181856,ASCUS,0.99967587,53.456474,15.224884,131.543030,140.472610
13744_13150,ASCUS,0.796033,ASCUS,0.5660541,187.192520,268.567291,383.818298,430.099274
30768_48414,ASCUS,0.824223,ASCUS,0.9946903,11.754513,325.413300,125.038513,451.666351
30768_48414,ASCUS,0.070506,ASCUS,0.8602714,31.305656,235.089294,186.543121,398.415588
17392_50238,ASCUS,0.200487,ASCUS,0.77293944,273.276215,445.257507,440.553009,571.887390
28336_29566,ASCUS,0.285971,ASCUS,0.7830759,107.824921,456.291138,270.258057,593.391602
14352_34430,ASCUS,0.962379,ASCUS,0.8844901,93.507233,139.231171,249.652924,284.680176
33808_30782,ASCUS,0.967314,ASCUS,0.7913564,340.177307,20.883018,470.044678,164.929779
41104_7678,ASCUS,0.999128,ASCUS,0.5060436,182.894318,349.041870,403.760712,494.057190
30768_19230,ASCUS,0.992303,ASCUS,0.9995455,347.721405,149.022278,460.211212,228.893402
14960_19230,ASCUS,0.107588,ASCUS,0.9995321,1.000000,454.482758,89.470383,565.007141
12528_33822,ASCUS,0.375606,ASCUS,0.6903606,325.841309,358.073059,405.840698,563.983032
15568_49630,ASCUS,0.863234,ASCUS,0.99856913,424.896759,251.804352,528.234436,382.027740
52656_26526,ASCUS,0.209388,ASCUS,0.63872,3.721958,158.416428,117.161865,316.126770
25904_8894,ASCUS,0.218823,ASCUS,0.99515885,258.791382,4.499531,375.309753,118.912491
6448_34430,ASCUS,0.103882,ASCUS,0.9220225,23.874260,410.219025,241.054535,543.845703
6448_34430,ASCUS,0.208200,ASCUS,0.51203966,12.166077,250.023773,222.842148,383.357880
28336_22878,ASCUS,0.271959,ASCUS,0.9697234,192.022919,540.138306,267.998505,605.848389
6448_22270,ASCUS,0.095812,ASCUS,0.99414563,74.579559,374.675323,158.297897,562.580627
37456_49630,ASCUS,0.996271,ASCUS,0.99987876,210.097977,411.851715,341.185242,505.910248
28944_39294,ASCUS,0.657776,ASCUS,0.9751424,294.851257,282.880066,355.929871,350.466309
28944_39294,ASCUS,0.116547,ASCUS,0.5962146,257.519501,243.058167,315.330719,326.023804
46576_27742,ASCUS,0.997985,ASCUS,0.9998549,325.185425,198.162277,420.117310,294.403809
41104_9502,ASCUS,0.979494,ASCUS,0.94838804,423.639709,84.411804,543.173279,160.735123
10704_31998,ASCUS,0.139147,ASCUS,0.9958001,103.685555,154.205505,196.428711,268.770905
35024_50238,ASCUS,0.156914,ASCUS,0.9150317,445.963409,87.809174,540.257751,257.992401
11920_39902,ASCUS,0.466045,ASCUS,0.8546976,199.596954,217.481171,339.240570,384.772552
12528_45982,ASCUS,0.987005,ASCUS,0.99573755,95.736702,362.794739,218.735382,511.372742
29552_27742,ASCUS,0.098458,ASCUS,0.99727196,276.190979,368.690674,437.918945,521.115601
35024_51454,ASCUS,0.534705,ASCUS,0.6350072,386.913422,281.251556,504.890778,382.128082
18608_20446,ASCUS,0.667684,ASCUS,0.9992681,293.085327,119.730499,390.516052,211.207764
18608_20446,ASCUS,0.637332,ASCUS,0.9998357,332.302490,25.005806,462.751648,127.095345
14960_31998,ASCUS,0.071988,ASCUS,0.98785174,301.661438,126.112122,493.320435,252.312775
31984_39902,ASCUS,0.999608,ASCUS,0.9998752,230.153351,310.088776,339.529510,399.244843
31984_33214,ASCUS,0.953689,ASCUS,0.9125178,176.184357,41.075974,376.795135,223.720016
25296_14366,ASCUS,0.052666,ASCUS,0.92278254,518.651428,316.496765,608.000000,478.689087
43536_8894,ASCUS,0.050140,ASCUS,0.66719604,61.329033,206.452423,125.430931,412.549042
36240_50238,ASCUS,0.107010,ASCUS,0.6049562,33.200920,324.301758,215.834106,454.147888
2800_33214,ASCUS,0.992708,ASCUS,0.9479932,182.796509,345.201752,307.110901,544.246216
31984_32606,ASCUS,0.778724,ASCUS,0.9086014,459.494263,295.571106,530.874756,366.257935
33808_42942,ASCUS,0.074571,ASCUS,0.7494214,176.176880,436.667084,234.117981,483.531708
33808_32606,ASCUS,0.392998,ASCUS,0.7790262,403.699585,504.023224,534.615295,608.000000
18608_17406,ASCUS,0.966600,ASCUS,0.79217887,175.437469,129.255829,281.278839,283.113251
10704_24094,ASCUS,0.870503,ASCUS,0.9947272,322.892975,1.000000,456.533051,108.595200
28336_52062,ASCUS,0.888874,ASCUS,0.9287029,398.459167,215.050323,492.619446,403.683441
17392_22878,ASCUS,0.989772,ASCUS,0.9986268,70.549126,44.994717,178.520386,127.494659
8272_41726,ASCUS,0.033858,ASCH,0.36990497,198.278564,49.748722,280.893494,124.332764
13136_19230,ASCUS,0.165667,ASCUS,0.9920278,425.495972,257.539917,608.000000,408.148193
41104_27742,ASCUS,0.267229,ASCUS,0.99425405,17.803596,467.405457,184.810242,597.337341
26512_33822,ASCUS,0.940196,ASCUS,0.9488623,271.018036,275.241882,412.371429,407.410583
24688_14366,ASCUS,0.990340,ASCUS,0.9549463,207.620972,151.195267,409.238342,321.616394
5232_33822,ASCUS,0.180149,ASCUS,0.9562693,129.903412,458.805664,294.703003,608.000000
47184_21662,ASCUS,0.998605,ASCUS,0.99947697,236.999756,345.353363,331.717529,513.785583
33808_4638,ASCUS,0.036420,ASCUS,0.833325,236.233704,347.446716,548.817810,496.932068
33808_4638,ASCUS,0.457576,ASCUS,0.88872814,326.293579,395.737183,467.745605,494.714966
51440_25310,ASCUS,0.929922,ASCUS,0.75007,28.502319,155.370880,128.633041,349.705963
24080_13758,ASCUS,0.169545,ASCUS,0.99100924,389.316528,143.854614,499.752991,235.532501
38064_45374,ASCUS,0.796674,ASCUS,0.6295514,212.041016,181.035950,373.539673,309.792847
50832_28958,ASCUS,0.148343,ASCUS,0.99157447,434.625610,119.580994,608.000000,378.601196
10096_45374,ASCUS,0.056792,ASCUS,0.9975526,1.507269,170.597687,55.540009,335.559723
50224_32606,ASCUS,0.848130,ASCUS,0.99231356,1.888126,117.039413,71.276718,277.882385
16176_49022,ASCUS,0.815637,ASCUS,0.71946514,55.746201,149.866577,112.912933,226.492920
40496_10718,ASCUS,0.370547,ASCUS,0.99483126,62.003487,414.613708,173.214508,586.282532
49616_22878,ASCUS,0.744211,ASCUS,0.90104,318.627686,162.554260,429.310425,328.490875
17392_33822,ASCUS,0.765549,ASCUS,0.99994695,199.047729,124.589172,341.132263,224.153473
6448_24702,ASCUS,0.222199,ASCUS,0.8375389,302.325836,1.488373,413.067352,169.707214
37456_7678,ASCUS,0.978937,ASCUS,0.9903566,456.199402,499.622711,530.797852,567.405640
37456_7678,ASCUS,0.284343,ASCUS,0.9998671,474.026306,550.315125,576.859314,608.000000
20432_48414,ASCUS,0.590865,ASCUS,0.508973,110.382935,364.047333,285.008789,508.610626
25296_33822,ASCUS,0.437142,ASCUS,0.99944204,260.130035,375.024384,438.828400,485.609894
24080_36862,ASCUS,0.672023,ASCUS,0.6571467,105.489265,454.211517,207.819092,547.993164
37456_11326,ASCUS,0.072282,ASCUS,0.99920255,142.097992,405.836060,314.387146,608.000000
27728_47806,ASCUS,0.841268,ASCUS,0.9905281,344.556427,143.062561,421.209564,215.050934
31984_47198,ASCUS,0.537503,ASCUS,0.73871213,36.944897,192.499115,149.055267,345.603424
31984_47198,ASCUS,0.109242,ASCUS,0.998409,394.774994,487.041473,477.870880,595.513672
36848_35646,ASCUS,0.052813,ASCUS,0.64546716,178.952179,357.770447,296.118713,407.107971
36848_35038,ASCUS,0.268142,ASCUS,0.9872925,214.721283,115.166901,307.645966,161.409851
23472_4030,ASCUS,0.154302,ASCUS,0.995565,3.508305,217.200714,73.021332,292.537262
20432_47198,ASCUS,0.148334,ASCUS,0.9993926,1.000000,277.485016,103.277649,356.845734
37456_12542,ASCUS,0.822798,ASCUS,0.9999416,398.969696,135.242432,603.095215,257.197205
40496_27742,ASCUS,0.790986,ASCUS,0.9415283,201.888336,325.720032,300.598450,391.550476
37456_17406,ASCUS,0.999374,ASCUS,0.9743989,241.539383,308.397278,343.343903,454.605530
19824_29566,ASCUS,0.719172,ASCUS,0.74014,60.686848,81.939377,137.274399,148.582596
41104_22270,ASCUS,0.486645,ASCUS,0.69394624,303.891571,458.598938,505.042145,591.987854
16784_34430,ASCUS,0.061883,ASCUS,0.91111493,344.304016,21.468597,546.404297,134.376083
3408_28350,ASCUS,0.121423,ASCUS,0.99962604,177.915390,294.379669,246.531174,500.500397
6448_38078,ASCUS,0.770212,ASCUS,0.992761,408.826691,255.572311,608.000000,361.633759
21040_9502,ASCUS,0.991824,ASCUS,0.56466585,29.628670,338.436249,203.246613,455.389435
32592_18622,ASCUS,0.959243,ASCUS,0.9952426,316.137665,175.747192,428.537140,329.241180
4624_22878,ASCUS,0.452480,ASCUS,0.6542612,260.481567,96.044502,403.472534,249.454498
43536_35038,ASCUS,0.111744,ASCUS,0.988861,352.200500,10.051853,569.531555,112.722137
33200_39902,ASCUS,0.974089,ASCUS,0.9999033,420.196625,79.054199,519.111084,184.188110
40496_15582,ASCUS,0.988831,ASCUS,0.6878749,365.843140,295.090363,477.760132,437.702545
22864_13758,ASCUS,0.246350,ASCUS,0.5575589,165.887299,153.024872,325.449432,290.372955
35632_36254,ASCUS,0.911426,ASCUS,0.5263011,227.029892,414.900299,373.985840,491.007111
24688_14974,ASCUS,0.069297,ASCUS,0.99685115,274.058838,185.959198,374.405823,350.907257
30768_38686,ASCUS,0.966513,ASCUS,0.8912962,176.338257,72.860062,387.041687,327.231018
52048_33822,ASCUS,0.080974,ASCUS,0.98598343,115.569359,16.963902,279.152893,102.114944
4624_29566,ASCUS,0.184333,ASCUS,0.998548,53.178215,553.138123,134.272705,608.000000
34416_12542,ASCUS,0.108056,ASCUS,0.9998938,247.650101,1.000000,354.587158,94.215439
46576_18014,ASCUS,0.982504,ASCUS,0.99355847,368.719574,151.083984,509.310577,378.692810
23472_20446,ASCUS,0.829083,ASCUS,0.536161,1.607239,45.434395,166.978485,173.435913
35632_14366,ASCUS,0.998883,ASCUS,0.99658185,316.312805,321.471069,507.601379,410.722229
16176_28958,ASCUS,0.372206,ASCUS,0.97978777,275.086670,14.518631,486.418091,125.046921
21648_13150,ASCUS,0.723272,ASCUS,0.89513075,68.489769,62.985897,260.482330,184.857895
8880_44158,ASCUS,0.555015,ASCUS,0.7878442,390.986694,111.260689,464.527527,283.544830
12528_42334,ASCUS,0.560577,ASCUS,0.9434795,96.881058,408.416748,183.486954,480.126648
52048_27742,ASCUS,0.933401,ASCUS,0.9473211,158.264709,121.533798,300.245941,271.795715
13744_24094,ASCUS,0.178112,ASCUS,0.74923867,86.206802,472.365723,291.983826,593.353516
30768_19838,ASCUS,0.400414,ASCUS,0.99885297,214.515869,532.588440,324.119263,608.000000
12528_23486,ASCUS,0.167598,ASCUS,0.9997595,210.698578,365.865997,266.545868,458.879608
16176_26526,ASCUS,0.335270,ASCUS,0.7203626,346.980774,121.818581,525.493591,269.490784
47792_28958,ASCUS,0.101205,ASCUS,0.99970824,19.986176,113.361694,117.379517,202.995422
18000_38686,ASCUS,0.791055,ASCUS,0.9940994,519.660095,306.193512,608.000000,376.164703
7056_39294,ASCUS,0.480531,ASCUS,0.96227175,105.070190,457.631653,272.729858,541.485901
30160_37470,ASCUS,0.146935,ASCUS,0.99180263,95.079575,395.496399,205.969315,540.993286
35024_26526,ASCUS,0.990874,ASCUS,0.9939383,441.307526,233.381149,556.769043,352.181335
41712_42942,ASCUS,0.988860,ASCUS,0.9947857,390.836792,25.527756,579.112915,193.946503
31984_34430,ASCUS,0.619186,ASCUS,0.9991381,105.711021,336.119476,192.550171,439.904144
25296_52062,ASCUS,0.997530,ASCUS,0.99919635,198.318069,397.895874,435.607178,489.400818
45360_13150,ASCUS,0.929989,ASCUS,0.99307996,73.509094,184.519592,143.917633,384.475342
49008_26526,ASCUS,0.062921,ASCUS,0.5837854,250.953186,491.684204,351.039246,604.492554
38672_44158,ASCUS,0.796092,ASCUS,0.9708538,292.597443,138.592133,533.576050,253.111206
6448_17406,ASCUS,0.864252,ASCUS,0.99690837,163.490860,240.222992,277.434265,394.215851
20432_30782,ASCUS,0.484170,ASCUS,0.56448954,296.183777,157.240738,451.535950,285.106873
28336_28958,ASCUS,0.090327,ASCUS,0.92645174,326.355652,56.508663,547.544067,144.704025
32592_42942,ASCUS,0.940206,ASCUS,0.970133,143.651855,271.276154,215.615295,343.303925
32592_42942,ASCUS,0.015972,ASCUS,0.9677431,229.199844,221.988312,276.404541,284.555511
50832_31998,ASCUS,0.067632,ASCUS,0.9942866,1.000000,316.620819,59.568630,395.714813
43536_18014,ASCUS,0.055736,ASCUS,0.9996208,2.481358,384.107025,119.453827,523.610657
41712_15582,ASCUS,0.260170,ASCUS,0.9927072,14.056961,303.668762,124.763351,410.555603
42320_45982,ASCUS,0.462353,ASCUS,0.56247824,237.030258,3.644409,348.829102,164.588165
49616_27134,ASCUS,0.061625,ASCUS,0.98973477,125.859039,496.497620,222.419556,602.160583
26512_38078,ASCUS,0.764141,ASCUS,0.9798654,92.504433,26.195953,205.174500,158.574158
52048_33214,ASCUS,0.260313,ASCUS,0.5729169,131.793488,316.732910,297.633331,566.609436
10704_13150,ASCUS,0.241249,ASCUS,0.967508,109.387665,419.541016,202.098419,598.448303
19824_46590,ASCUS,0.355542,ASCUS,0.9981824,30.237434,19.901772,234.992676,117.991402
36848_25918,ASCUS,0.064441,ASCUS,0.97532123,115.489815,504.693115,212.911499,608.000000
28336_21662,ASCUS,0.998446,ASCUS,0.9999999,100.638237,279.102051,322.274200,451.278503
30768_11326,ASCUS,0.945577,ASCUS,0.9897971,127.868332,477.578735,297.605774,606.621948
30768_33214,ASCUS,0.804843,ASCUS,0.6244397,289.778381,1.000000,400.238220,274.719849
41712_33822,ASCUS,0.479304,ASCUS,0.9682607,164.561096,400.170074,342.204956,520.175293
11920_41118,ASCUS,0.151782,ASCUS,0.9344458,301.882599,507.576508,412.065704,607.636292
28944_7070,ASCUS,0.086626,ASCUS,0.6542053,4.630884,514.856873,50.977600,581.616272
33200_7678,ASCUS,0.052964,ASCUS,0.6328521,287.096863,78.670547,397.451172,263.098938
41712_41118,ASCUS,0.099063,ASCUS,0.48732513,149.920197,43.238159,571.292725,166.813309
50832_33214,ASCUS,0.068505,ASCUS,0.9706943,1.000000,66.685974,117.231033,304.548065
27728_24094,ASCUS,0.953241,ASCUS,0.9986319,114.667801,2.165115,231.324051,134.524643
36848_36254,ASCUS,0.432719,ASCUS,0.93559545,386.040039,452.402954,502.702759,581.404663
8880_33214,ASCUS,0.998989,ASCUS,0.9992625,363.831940,340.556274,476.324127,453.443359
39888_13150,ASCUS,0.968307,ASCUS,0.9668422,377.165192,47.423416,545.550537,318.253967
15568_25310,ASCUS,0.082695,ASCUS,0.53716534,279.122955,143.146912,498.093597,251.490570
15568_14974,ASCUS,0.189153,ASCUS,0.9929463,250.583710,4.592197,368.121979,114.779434
30160_9502,ASCUS,0.887511,ASCUS,0.9995906,235.099243,195.870987,367.748657,388.618286
13744_42334,ASCUS,0.091536,ASCUS,0.9969188,95.157715,7.612083,234.672607,82.304199
26512_33214,ASCUS,0.812195,ASCUS,0.98603433,314.281830,180.764084,478.208466,323.101685
18000_50238,ASCUS,0.425287,ASCUS,0.99531543,480.851532,530.131165,582.657959,597.750916
30160_25310,ASCUS,0.059804,ASCUS,0.61743474,85.069817,171.028564,262.369019,304.417297
28944_30782,ASCUS,0.520095,ASCUS,0.9092814,395.553436,77.021317,526.008423,205.341080
43536_19230,ASCUS,0.999153,ASCUS,0.9241705,100.570663,108.297012,277.031006,283.957520
43536_27134,ASCUS,0.869721,ASCUS,0.99401045,202.126465,409.882935,271.718140,590.561890
44144_10718,ASCUS,0.937593,ASCUS,0.8959075,404.103546,74.694611,582.309021,205.640259
31984_45374,ASCUS,0.965927,ASCUS,0.98371106,79.858337,111.479980,235.387939,265.545349
31984_45374,ASCUS,0.087033,ASCUS,0.9998696,385.424622,101.649826,506.047729,166.612137
38672_18622,ASCUS,0.760242,ASCUS,0.99439806,269.626892,422.336273,428.766479,579.973877
36848_28958,ASCUS,0.728005,ASCUS,0.6206447,4.411957,210.535263,148.901581,325.939270
17392_49630,ASCUS,0.569117,ASCUS,0.9993662,483.746338,37.885956,594.211792,465.029358
49008_37470,ASCUS,0.748939,ASCUS,0.7740327,402.164001,105.776718,584.012878,225.602829
30768_31998,ASCUS,0.149747,ASCUS,0.98322177,217.630203,15.998772,318.842651,170.133514
6448_33214,ASCUS,0.058094,ASCUS,0.99980944,486.535156,393.971222,580.880737,494.593903
9488_16190,ASCUS,0.751603,ASCUS,0.56383336,261.050323,127.436020,406.690948,347.060303
44144_42942,ASCUS,0.124028,ASCUS,0.99232554,358.593018,66.723778,433.934570,230.927612
36240_40510,ASCUS,0.974105,ASCUS,0.99331254,312.944458,241.991852,383.238037,326.818085
10096_20446,ASCUS,0.073381,ASCUS,0.99911684,1.000000,122.765907,120.229889,255.137451
42320_13758,ASCUS,0.989337,ASCUS,0.9987294,130.875000,24.452774,231.987457,163.527588
42320_33822,ASCUS,0.083795,ASCUS,0.99606735,59.632050,362.869598,244.054016,585.016235
45968_21054,ASCUS,0.998421,ASCUS,0.9787456,71.331696,164.453903,208.965790,357.109680
5232_23486,ASCUS,0.080375,ASCUS,0.99665713,216.245789,385.260406,402.149597,504.721405
11920_19838,ASCUS,0.342850,ASCUS,0.8904505,357.825958,195.309631,557.303223,459.391785
11920_19838,ASCUS,0.164658,ASCUS,0.7626758,370.315369,236.570007,453.623901,299.798401
16784_7070,ASCUS,0.990246,ASCUS,0.99996173,164.838257,386.585815,309.539978,473.830200
15568_7678,ASCUS,0.546979,ASCUS,0.77399087,184.046600,382.768219,353.839569,508.946564
11312_28350,ASCUS,0.063849,ASCUS,0.7453376,374.884460,329.955566,534.418274,608.000000
7056_21054,ASCUS,0.055263,ASCUS,0.9999995,2.065496,56.552803,59.336563,226.065155
25904_13150,ASCUS,0.937957,ASCUS,0.99968266,239.111526,172.143341,363.387207,365.680145
46576_33822,ASCUS,0.213168,ASCUS,0.99370897,1.000000,103.725800,74.614555,258.750397
30768_52670,ASCUS,0.264341,ASCUS,0.38775513,67.776260,232.056885,270.195801,460.901733
34416_51454,ASCUS,0.403618,ASCUS,0.96203756,396.157593,378.430054,462.510376,574.846313
26512_12542,ASCUS,0.985274,ASCUS,0.81763554,10.891129,373.566772,172.926727,467.628174
22256_11326,ASCUS,0.114372,ASCUS,0.92893773,26.982174,264.755920,124.242905,448.593933
41104_14366,ASCUS,0.998082,ASCUS,0.74095315,125.198105,220.901337,300.607605,379.609344
13136_14974,ASCUS,0.094527,ASCUS,0.52478004,42.305828,354.220642,159.791458,488.597534
27728_5246,ASCUS,0.105167,ASCUS,0.8825971,290.761810,36.013725,487.505951,167.566498
32592_28958,ASCUS,0.131149,ASCUS,0.91302836,102.883446,327.844849,274.917023,451.294373
41712_45374,ASCUS,0.497087,ASCUS,0.7771325,90.340866,199.208176,257.162964,369.757935
19216_21054,ASCUS,0.912349,ASCUS,0.9994924,382.913452,318.225739,603.547729,441.526520
42928_24702,ASCUS,0.602673,ASCUS,0.98033637,246.522461,327.013092,355.296143,418.287323
35024_25310,ASCUS,0.806139,ASCUS,0.99592763,1.000000,111.514267,106.716125,282.957642
13136_34430,ASCUS,0.970732,ASCUS,0.9923569,365.569763,150.705994,477.086304,304.965973
47792_14974,ASCUS,0.976548,ASCUS,0.99757093,477.796204,268.053864,602.712952,368.127716
4624_26526,ASCUS,0.284323,ASCUS,0.55429345,154.198334,334.900574,336.556519,474.649841
4624_26526,ASCUS,0.144531,ASCUS,0.9952544,459.135284,368.575623,608.000000,507.034851
35024_41726,ASCUS,0.263123,ASCUS,0.9899732,521.738953,193.676285,571.223450,259.726440
12528_9502,ASCUS,0.703687,ASCUS,0.8050242,298.794800,419.212341,448.883911,581.747375
47792_27742,ASCUS,0.075501,ASCUS,0.99798656,81.721191,524.818909,186.344696,607.429504
48400_27134,ASCUS,0.121372,ASCUS,0.6647077,215.754364,242.385696,444.754181,380.812073
48400_27134,ASCUS,0.089939,ASCUS,0.5247148,87.868317,238.917816,243.082367,427.475433
48400_17406,ASCUS,0.958731,ASCUS,0.99570906,104.387657,137.713654,297.757965,366.544128
48400_17406,ASCUS,0.323458,ASCUS,0.8784679,94.132133,170.649933,201.315735,256.859100
42928_27742,ASCUS,0.679679,ASCUS,0.9931727,398.329468,76.601120,556.407715,206.004837
28336_32606,ASCUS,0.194286,ASCUS,0.5305733,488.840942,104.980988,592.726318,288.357391
16176_6462,ASCUS,0.977695,ASCUS,0.99953127,407.942810,16.347420,578.829529,169.255127
49008_16190,ASCUS,0.643224,ASCUS,0.50259817,137.557159,361.197449,233.137634,587.037109
27728_9502,ASCUS,0.671135,ASCUS,0.9973641,2.717308,135.135468,38.502701,213.540558
24080_10110,ASCUS,0.080584,ASCUS,0.9946648,200.862061,571.524231,307.238037,603.586487
24080_10110,ASCUS,0.539751,ASCUS,0.9994178,191.918854,518.474548,330.124054,595.288513
27728_6462,ASCUS,0.938379,ASCUS,0.9932688,318.441254,393.074707,507.643524,529.545532
24688_31998,ASCUS,0.323283,ASCUS,0.98154944,555.496643,376.611969,606.635681,481.806976
24688_6462,ASCUS,0.168436,ASCUS,0.5960523,80.901245,343.124451,247.481628,496.935242
36848_24702,ASCUS,0.058383,ASCUS,0.75045663,3.369740,128.716980,84.951935,314.335358
38672_39902,ASCUS,0.407985,ASCUS,0.9957224,542.800110,201.519592,603.744568,292.727600
5232_22878,ASCUS,0.478528,ASCUS,0.63353676,179.098923,167.885986,275.847260,254.244843
30160_42334,ASCUS,0.328182,ASCUS,0.9972059,93.355225,248.883530,284.710785,417.920044
32592_21662,ASCUS,0.693279,ASCUS,0.46863654,491.700378,301.275452,608.000000,460.091003
11920_35038,ASCUS,0.017429,ASCUS,0.9858293,428.853180,61.905182,553.789673,340.995209
39888_49022,ASCUS,0.062261,ASCUS,0.9999999,199.377045,361.334015,307.819977,497.040619
7664_29566,ASCUS,0.996375,ASCUS,0.9954947,43.875225,374.684723,143.424484,514.654419
30160_19838,ASCUS,0.995453,ASCUS,0.61469954,381.230469,356.661163,447.434143,549.702881
10704_11326,ASCUS,0.488081,ASCUS,0.95082545,525.342346,14.109512,602.388977,218.833084
15568_23486,ASCUS,0.712317,ASCUS,0.9933436,442.496887,325.355804,543.177551,422.178253
27120_40510,ASCUS,0.848926,ASCUS,0.97418004,178.807785,331.558411,309.946655,462.612488
27120_40510,ASCUS,0.174552,ASCUS,0.9958377,176.927597,305.908264,297.300903,392.760071
7664_42942,ASCUS,0.918088,ASCUS,0.87559414,325.121368,474.605530,434.989777,607.291443
5232_27134,ASCUS,0.880277,ASCUS,0.9999516,407.721375,514.483704,529.529053,602.150574
21040_50846,ASCUS,0.959018,ASCUS,0.99995387,349.507660,265.083649,446.949066,399.868866
27728_35038,ASCUS,0.107233,ASCUS,0.99954224,1.000000,248.384079,56.461117,338.150330
24080_39902,ASCUS,0.985256,ASCUS,0.9969995,57.498775,289.718536,146.159836,348.459137
22864_11326,ASCUS,0.697229,ASCUS,0.52237236,355.397644,45.042473,436.165222,235.264191
17392_42334,ASCUS,0.900302,ASCUS,0.8068476,192.501205,421.972046,296.825684,581.014038
22256_28350,ASCUS,0.050822,ASCUS,0.9962521,401.138031,32.748405,567.906860,169.598999
31984_13150,ASCUS,0.737223,ASCUS,0.99184304,228.081451,285.772705,326.364227,348.758972
31984_13150,ASCUS,0.449858,ASCUS,0.9996086,267.349365,256.598724,350.393799,316.372162
31984_13150,ASCUS,0.191238,ASCUS,0.5551225,161.172546,244.118530,250.671204,311.634705
31984_13150,ASCUS,0.127644,ASCUS,0.9999814,151.671738,375.733612,258.793457,437.433197
31984_13150,ASCUS,0.088143,ASCUS,0.99984944,235.319611,221.864655,338.653107,279.530243
18000_19230,ASCUS,0.216445,ASCUS,0.99986374,382.515991,50.903564,510.365540,167.132919
8272_11934,ASCUS,0.531575,ASCUS,0.86807734,387.809570,364.941681,481.923340,522.539551
30160_19230,ASCUS,0.528464,ASCUS,0.801624,177.783325,134.824219,291.467163,391.469788
47184_25310,ASCUS,0.039819,ASCH,0.61539805,521.467896,143.355591,594.789673,220.856903
13744_22878,ASCUS,0.999834,ASCUS,0.9952063,342.229950,190.352585,483.709625,346.266479
28336_18622,ASCUS,0.203922,ASCUS,0.9413616,98.875381,145.267242,264.071167,263.634613
3408_27134,ASCUS,0.988844,ASCUS,0.5867048,294.748474,310.715118,402.913635,436.490326
13136_43550,ASCUS,0.955585,ASCUS,0.9875558,377.517639,178.761124,445.198547,266.597961
20432_10718,ASCUS,0.955479,ASCUS,0.9902823,447.403473,95.610359,602.084839,235.675232
20432_10718,ASCUS,0.984763,ASCUS,0.7933011,304.993469,348.280487,394.280823,558.031738
50832_18014,ASCUS,0.085209,ASCUS,0.57015723,226.822327,496.827148,359.709961,587.146606
20432_17406,ASCUS,0.149084,ASCUS,0.91756785,275.971558,245.791824,454.834473,355.637268
45360_39294,ASCUS,0.087960,ASCUS,0.60061574,218.118195,51.305550,404.327606,252.856140
37456_10718,ASCUS,0.999911,ASCUS,0.99999976,437.359253,193.893097,515.410828,346.647614
41104_33214,ASCUS,0.096277,ASCUS,0.95156294,410.857971,178.773865,511.693726,360.126709
48400_27742,ASCUS,0.013447,ASCUS,0.9177184,388.425110,244.858948,556.426331,513.794128
38064_45982,ASCUS,0.296670,ASCUS,0.889477,367.103394,191.340393,459.187805,346.493958
11312_30174,ASCUS,0.129493,ASCUS,0.8779968,268.228821,190.309143,415.422852,285.094330
25296_33214,ASCUS,0.890249,ASCUS,0.99804544,15.332508,373.677307,140.080322,451.168030
36240_11326,ASCUS,0.916365,ASCUS,0.99922585,379.568085,108.616943,475.083099,201.829407
4016_28958,ASCUS,0.174048,ASCUS,0.9925184,440.666595,1.000000,576.922485,105.157646
31984_25918,ASCUS,0.428803,ASCUS,0.9590204,529.268188,93.378876,600.813843,175.530426
23472_36254,ASCUS,0.076893,ASCUS,0.99943334,158.816040,205.090714,307.614868,452.730469
19824_25310,ASCUS,0.880207,ASCUS,0.8715023,126.691345,198.896637,347.323608,337.955536
29552_47806,ASCUS,0.680433,ASCUS,0.9937064,277.199585,265.440613,373.157532,324.192078
29552_47806,ASCUS,0.514858,ASCUS,0.99963295,324.442749,298.655365,424.002136,367.143829
25296_11326,ASCUS,0.957970,ASCUS,0.78364724,476.285431,197.379654,607.256592,389.501221
18608_21054,ASCUS,0.975715,ASCUS,0.9999597,251.759735,512.177673,350.482941,598.585754
8272_45374,ASCUS,0.099098,ASCUS,0.66413057,10.421009,67.167801,94.236557,245.956741
34416_24702,ASCUS,0.174194,ASCUS,0.6361101,455.092468,475.877167,565.585327,608.000000
6448_14974,ASCUS,0.995520,ASCUS,0.9719668,332.420288,400.171417,494.373291,540.623962
12528_34430,ASCUS,0.766158,ASCUS,0.94508696,533.806335,88.436447,594.341736,312.556274
15568_30782,ASCUS,0.949367,ASCUS,0.8346195,416.819031,196.874283,601.906555,339.256531
19216_29566,ASCUS,0.999036,ASCUS,0.9699581,329.960205,28.110291,447.446472,206.249664
3408_32606,ASCUS,0.285651,ASCUS,0.7123096,1.000000,124.880150,59.475643,301.080353
42928_12542,ASCUS,0.475651,ASCUS,0.95097893,415.410553,213.796509,493.068024,387.322937
48400_39902,ASCUS,0.428383,ASCUS,0.8822992,14.964142,118.411209,171.690109,307.006714
48400_41726,ASCUS,0.505150,ASCUS,0.7753279,17.618118,329.019348,135.494217,481.334778
36240_49022,ASCUS,0.156350,ASCUS,0.9792726,247.920197,5.164013,419.393402,68.503860
24688_25310,ASCUS,0.994770,ASCUS,0.9914473,167.100006,180.028580,306.272583,294.428223
11920_23486,ASCUS,0.173660,ASCUS,0.8581102,109.084564,35.781532,316.790161,182.601013
17392_19230,ASCUS,0.997943,ASCUS,0.9998369,185.084564,357.881134,323.244324,466.760406
27120_45982,ASCUS,0.997376,ASCUS,0.629819,447.690338,121.072960,585.186035,289.433533
27120_45982,ASCUS,0.063786,ASCUS,0.5512586,398.086060,450.791138,586.921143,584.992798
49616_30782,ASCUS,0.958815,ASCUS,0.9807148,353.221527,214.548187,473.875336,354.334259
7056_20446,ASCUS,0.094647,ASCUS,0.98368627,1.000000,325.809631,145.844849,452.539734
32592_29566,ASCUS,0.146506,ASCUS,0.9329466,502.414734,297.503113,595.485291,480.815613
6448_31998,ASCUS,0.067085,ASCUS,0.98990446,214.060959,444.140015,307.101074,542.903137
11920_33822,ASCUS,0.107050,ASCUS,0.97227275,165.378479,161.775192,275.054138,264.771210
7056_24094,ASCUS,0.067864,ASCUS,0.9999894,503.083954,520.465149,562.402832,575.566101
40496_35646,ASCUS,0.055515,ASCUS,0.8334382,113.621094,6.945278,296.802521,131.240845
40496_35646,ASCUS,0.996948,ASCUS,0.99964905,460.497131,340.096832,605.157166,485.838593
30160_38686,ASCUS,0.444047,ASCUS,0.9581895,1.872778,274.140717,57.573036,360.832672
22864_21662,ASCUS,0.982343,ASCUS,0.9996357,379.060486,470.768311,492.635437,549.040710
33808_18622,ASCUS,0.485251,ASCUS,0.9550278,143.748932,373.247040,249.840454,529.757568
11920_31998,ASCUS,0.922007,ASCUS,0.99995434,185.295258,227.198547,337.080780,374.609863
38064_16798,ASCUS,0.186400,ASCUS,0.7058603,13.549770,67.324677,90.744019,277.589996
18608_44766,ASCUS,0.149215,ASCUS,0.9663934,480.867157,311.507385,603.265747,433.573303
6448_27134,ASCUS,0.996166,ASCUS,0.9985876,439.539185,24.704453,560.244690,114.046173
42320_31390,ASCUS,0.998126,ASCUS,0.9796753,342.760254,211.531326,434.246460,341.769226
45360_43550,ASCUS,0.116351,ASCUS,0.95469165,2.976883,300.111938,83.716492,447.457031
22864_47806,ASCUS,0.417781,ASCUS,0.51722986,77.606956,379.940979,187.945587,525.520447
49616_50238,ASCUS,0.007395,LSIL,0.4526859,1.000000,1.000000,564.576599,608.000000
22864_43550,ASCUS,0.983759,ASCUS,0.60614026,358.253113,20.343735,483.136536,214.682693
28944_19230,ASCUS,0.995997,ASCUS,0.99886835,394.150024,488.749176,498.762512,594.781799
41712_31998,ASCUS,0.162012,ASCUS,0.716533,417.690186,58.764771,585.207886,207.063263
27120_30174,ASCUS,0.929991,ASCUS,0.7846731,395.274994,471.540009,508.755890,575.593018
36848_22878,ASCUS,0.839840,ASCUS,0.5290129,198.849777,110.679886,325.178833,282.166870
15568_31390,ASCUS,0.346263,ASCUS,0.9975762,36.386948,472.213043,115.929077,608.000000
7664_19230,ASCUS,0.979510,ASCUS,0.99717367,405.954834,139.391113,564.466858,285.900482
25296_48414,ASCUS,0.914726,ASCUS,0.9943562,312.039978,511.390350,416.247559,605.844666
44144_22270,ASCUS,0.063128,ASCUS,0.4049777,146.403580,499.850006,201.504623,565.444946
16784_35038,ASCUS,0.091204,ASCUS,0.65154064,501.642517,115.128326,604.587708,446.650299
29552_16798,ASCUS,0.638275,ASCUS,0.996576,293.863281,252.457565,371.840881,368.651367
42320_46590,ASCUS,0.315913,ASCUS,0.93009657,404.348907,253.057480,576.932739,496.680786
31376_46590,ASCUS,0.742475,ASCUS,0.9898928,383.636047,91.988976,529.927002,340.294769
31376_46590,ASCUS,0.063799,ASCUS,0.9898073,432.098328,112.905434,521.369446,280.789978
50832_30174,ASCUS,0.135686,ASCUS,0.99723744,302.514862,305.435577,412.994293,441.393158
22256_40510,ASCUS,0.836399,ASCUS,0.99376017,29.615398,65.077675,110.380875,199.740295
22256_40510,ASCUS,0.951222,ASCUS,0.9133051,280.366669,320.811890,398.835846,554.033997
45968_39902,ASCUS,0.871038,ASCUS,0.9591033,18.589977,195.424561,101.799271,275.265625
26512_16190,ASCUS,0.196990,ASCUS,0.9989336,150.480927,366.581970,243.675690,425.364136
39888_36862,ASCUS,0.126226,ASCUS,0.5730966,179.523636,238.307770,358.590088,362.913055
8272_26526,ASCUS,0.675092,ASCUS,0.58400303,410.850067,9.266815,540.836548,271.732788
35024_45982,ASCUS,0.988697,ASCUS,0.952612,55.801712,275.592468,208.141281,455.174988
32592_11326,ASCUS,0.290409,ASCUS,0.5976546,11.430862,333.448059,174.552475,431.094055
48400_38686,ASCUS,0.159890,ASCUS,0.99734926,69.607407,82.183502,167.903198,170.050537
21040_43550,ASCUS,0.899886,ASCUS,0.94089776,367.090546,263.017029,460.420013,450.942566
16784_11934,ASCUS,0.597195,ASCUS,0.99956924,224.630371,1.251640,346.116211,122.272446
39888_7678,ASCUS,0.919710,ASCUS,0.55320466,126.841438,100.058601,283.116760,339.001404
18000_5246,ASCUS,0.950479,ASCUS,0.99368805,179.561646,107.234184,263.675476,208.118988
16784_32606,ASCUS,0.995920,ASCUS,0.99817336,16.188168,126.855759,108.311600,282.104126
22864_23486,ASCUS,0.609131,ASCUS,0.89808923,135.179626,377.991608,299.896179,598.947876
51440_27742,ASCUS,0.413052,ASCUS,0.9939454,233.897247,537.485840,299.214874,608.000000
22256_8894,ASCUS,0.895798,ASCUS,0.9754667,110.646736,23.912979,263.232574,280.113831
8272_29566,ASCUS,0.997259,ASCUS,0.765487,116.714645,42.534836,322.238525,238.363754
51440_25918,ASCUS,0.298346,ASCUS,0.97911227,441.044037,148.433380,529.101440,341.963806
51440_25918,ASCUS,0.261086,ASCUS,0.90882623,134.655502,365.840088,242.643631,491.546326
18608_8286,ASCUS,0.062691,ASCUS,0.98082167,1.000000,50.832138,224.246140,351.303223
2800_30174,ASCUS,0.134610,ASCUS,0.52698326,51.409714,23.584282,354.804871,220.030670
23472_41118,ASCUS,0.357708,ASCUS,0.80195415,494.199158,451.792236,570.626404,519.565552
49616_21054,ASCUS,0.874438,ASCUS,0.94119304,182.093658,202.387939,243.571503,289.790527
40496_8286,ASCUS,0.116719,ASCUS,0.9703569,1.000000,399.255188,179.219040,606.794739
22256_9502,ASCUS,0.736480,ASCUS,0.99988043,299.508179,10.182396,380.173279,144.430298
22256_9502,ASCUS,0.996906,ASCUS,0.8326531,189.477112,173.915405,366.112000,315.668945
45360_28350,ASCUS,0.388667,ASCUS,0.9541551,406.399780,425.726959,595.381836,575.423462
45360_28350,ASCUS,0.268090,ASCUS,0.80297166,24.182144,130.203888,148.374512,329.864502
7664_35646,ASCUS,0.831580,ASCUS,0.99852175,290.433258,2.228485,390.360077,150.514908
29552_19838,ASCUS,0.898939,ASCUS,0.99469674,511.108124,308.124695,601.319458,437.980652
4624_18014,ASCUS,0.534023,ASCUS,0.99184823,246.528168,364.543823,451.332001,477.734436
23472_51454,ASCUS,0.766016,ASCUS,0.9827271,334.635071,58.499039,445.867126,207.385300
31984_44158,ASCUS,0.209088,ASCUS,0.9891756,430.915649,461.362579,493.061890,557.530090
31984_44158,ASCUS,0.194343,ASCUS,0.9972156,444.130737,545.553345,527.213684,603.250244
31984_44158,ASCUS,0.185008,ASCUS,0.99956983,480.063141,480.232422,536.582764,553.386597
18608_11934,ASCUS,0.080416,ASCUS,0.7545378,7.700684,517.805054,99.254456,608.000000
27120_10110,ASCUS,0.995835,ASCUS,0.9639471,488.629761,353.282532,608.000000,471.581360
30160_7678,ASCUS,0.526383,ASCUS,0.86165696,240.062378,385.103699,448.257263,594.883972
21648_4638,ASCUS,0.192987,ASCUS,0.96829534,24.626999,244.917999,161.430054,421.611969
45360_34430,ASCUS,0.110475,ASCUS,0.9882256,1.708183,4.430206,167.908203,165.899048
45360_34430,ASCUS,0.204129,ASCUS,0.9617815,288.770996,1.000000,412.323242,59.597183
31376_9502,ASCUS,0.493763,ASCUS,0.9438387,362.340729,347.129700,460.736237,446.582336
31376_9502,ASCUS,0.061287,ASCUS,0.9169285,519.444580,227.510223,596.833984,438.763763
13744_47198,ASCUS,0.478776,ASCUS,0.99048984,214.828339,89.874802,435.707611,223.326370
41712_44766,ASCUS,0.065464,ASCUS,0.9999801,10.450371,209.308243,142.622467,280.475159
23472_18622,ASCUS,0.711442,ASCUS,0.9017912,223.230499,198.244095,426.531708,307.956696
30160_16798,ASCUS,0.480026,ASCUS,0.998543,187.355545,237.983978,254.937943,396.280792
28944_15582,ASCUS,0.697826,ASCUS,0.9995177,399.357758,450.604492,490.606293,523.423523
29552_35038,ASCUS,0.725127,ASCUS,0.996905,20.583214,510.481293,117.434532,568.431091
28944_6462,ASCUS,0.057726,ASCUS,0.9942893,409.819519,6.427483,511.242493,180.781464
22256_17406,ASCUS,0.262483,ASCUS,0.9053767,209.789154,470.560089,374.323334,608.000000
20432_5854,ASCUS,0.299181,ASCUS,0.8783146,191.274353,364.435852,378.652466,475.388672
19824_13150,ASCUS,0.961669,ASCUS,0.9999713,118.151405,1.000000,244.422943,91.172852
42928_42334,ASCUS,0.327031,ASCUS,0.66396815,25.396866,263.999237,223.665604,388.050079
18000_45374,ASCUS,0.838439,ASCUS,0.9974305,285.720398,79.735695,394.387878,169.360535
33808_45374,ASCUS,0.021285,ASCUS,0.9704104,507.526581,375.865448,559.004395,434.176849
30768_14366,ASCUS,0.313889,ASCUS,0.9188557,238.787033,33.793060,327.659424,270.287201
36240_41118,ASCUS,0.867761,ASCUS,0.9842243,413.682678,537.670959,507.751526,608.000000
31984_13758,ASCUS,0.694104,ASCUS,0.99972206,242.694702,368.876678,359.649597,489.846954
35024_4030,ASCUS,0.063700,ASCUS,0.570704,372.584320,228.561127,541.862610,464.829987
19216_15582,ASCUS,0.997662,ASCUS,0.9993617,305.807434,435.281616,440.415405,565.103333
19216_15582,ASCUS,0.957016,ASCUS,0.9992078,257.160645,519.645935,360.081726,607.561951
4016_32606,ASCUS,0.063413,ASCUS,0.9440573,241.578003,90.230499,424.011414,240.512482
28944_13150,ASCUS,0.755822,ASCUS,0.99230015,233.502075,393.197266,463.894226,497.955566
16784_40510,ASCUS,0.483528,ASCUS,0.99670863,387.530426,212.984833,472.984955,356.289154
4624_16798,LSIL,0.031836,HSIL,0.72771853,516.247498,273.557434,596.309387,330.207947
4624_16798,LSIL,0.020015,HSIL,0.8629015,521.165588,242.831085,594.738708,280.077179
41104_38686,ASCUS,0.178716,ASCUS,0.9981475,285.844421,190.325928,366.181335,267.555450
4624_31390,ASCUS,0.992705,ASCUS,0.9998617,80.559746,338.250946,234.276520,425.311798
25904_12542,ASCUS,0.192180,ASCUS,0.87286806,176.639771,177.894592,361.080811,329.337341
31376_20446,ASCUS,0.996004,ASCUS,0.974876,116.110382,153.894226,227.551819,302.138275
34416_34430,ASCUS,0.530561,ASCUS,0.995854,41.519165,29.873806,272.079010,126.731979
31984_16798,ASCUS,0.129017,ASCUS,0.9871639,283.248871,365.410767,510.872284,491.495239
43536_17406,ASCUS,0.529753,ASCUS,0.9368229,9.480095,76.382912,159.933533,222.222534
35632_29566,ASCUS,0.232446,ASCUS,0.8293708,115.878906,88.224174,246.601868,275.488159
49616_29566,ASCUS,0.456078,ASCUS,0.9997242,503.108521,166.662933,608.000000,291.631836
25904_3422,ASCUS,0.356858,ASCUS,0.73625875,326.207703,319.820007,499.398804,457.689331
34416_28350,ASCUS,0.110785,ASCUS,0.5134188,535.440796,93.633545,608.000000,402.534241
31376_49022,ASCUS,0.781725,ASCUS,0.915463,235.672455,415.343750,381.314850,571.209106
19824_5246,ASCUS,0.313465,ASCUS,0.994739,305.731110,478.089661,488.736359,587.884949
19824_5246,ASCUS,0.135266,ASCUS,0.8436233,364.781219,550.311951,461.518829,608.000000
36240_38078,ASCUS,0.083787,ASCUS,0.99158984,325.898865,385.359222,452.293640,488.478851
34416_50846,ASCUS,0.268570,ASCUS,0.9915469,398.185730,449.589050,587.528564,599.669861
29552_26526,ASCUS,0.993558,ASCUS,0.9843636,220.872040,69.518082,382.688507,198.112442
22256_36862,ASCUS,0.918082,ASCUS,0.99972993,23.607937,174.525742,111.775665,330.580750
21648_33214,ASCUS,0.977118,ASCUS,0.99987435,481.701569,31.589600,595.869141,188.698532
22256_33822,ASCUS,0.730591,ASCUS,0.9983523,1.409374,492.192993,121.743759,573.835571
30768_27742,ASCUS,0.160889,ASCUS,0.8004987,81.262299,19.777260,344.894257,100.919151
21648_5246,ASCUS,0.153817,ASCUS,0.99781954,452.529449,520.050293,597.644165,595.254883
35024_41118,ASCUS,0.213685,ASCUS,0.6205606,116.058281,245.970749,181.179626,390.073120
24080_8894,ASCH,0.030641,HSIL,0.49056542,485.696533,187.552490,544.470093,222.945923
11920_25310,ASCUS,0.997750,ASCUS,0.87478906,218.375595,343.351440,416.320923,500.649292
31984_20446,ASCUS,0.226168,ASCUS,0.99989784,390.183777,116.140839,516.388123,198.888763
14352_12542,ASCUS,0.330788,ASCUS,0.990471,17.197773,495.478973,139.194519,600.982910
40496_47806,ASCUS,0.838463,ASCUS,0.9482622,233.742371,241.674927,385.675781,330.759583
26512_47806,ASCUS,0.059711,ASCUS,0.53159016,215.052109,334.206512,355.952637,443.883331
22256_12542,ASCUS,0.155149,ASCUS,0.98812336,1.000000,208.490601,142.759323,362.107178
42320_27742,ASCUS,0.476394,ASCUS,0.9932882,4.347954,88.650833,134.840240,177.085312
14352_23486,ASCUS,0.596021,ASCUS,0.94935274,466.541840,213.236893,599.219604,389.270935
36848_44766,ASCUS,0.872711,ASCUS,0.9486607,319.729126,1.000000,443.114197,108.069298
39280_44766,ASCUS,0.958936,ASCUS,0.98896325,194.543335,136.139984,279.948669,241.926208
26512_14366,ASCUS,0.228691,ASCUS,0.88929456,244.878189,109.657707,389.920959,268.782532
27120_27742,ASCUS,0.306414,ASCUS,0.90785116,531.169250,369.924011,600.092834,455.481201
10096_38686,ASCUS,0.667629,ASCUS,0.9994722,400.121368,535.869141,489.546722,605.673340
22864_18014,ASCUS,0.757773,ASCUS,0.55808896,43.704247,62.316689,256.994049,304.599365
28336_48414,ASCUS,0.053896,ASCUS,0.45398006,311.912598,569.259094,385.665955,608.000000
21040_28350,ASCUS,0.935410,ASCUS,0.7053392,155.537048,163.065308,234.925781,356.500793
25296_27134,ASCUS,0.806124,ASCUS,0.99886996,67.772148,330.639252,183.408295,479.038605
33808_50238,ASCUS,0.262730,ASCUS,0.99031407,119.533379,322.375946,278.564209,562.139526
37456_34430,ASCUS,0.181786,ASCUS,0.82494503,540.458496,338.916504,605.816895,550.487854
34416_39294,ASCUS,0.411525,ASCUS,0.98366207,26.445641,349.987457,127.100960,507.633453
44144_24702,ASCUS,0.284608,ASCUS,0.7967613,225.756973,338.123718,310.296844,521.742371
2800_28958,ASCUS,0.189691,ASCUS,0.9928894,205.690826,326.985992,318.662201,436.675018
39888_30174,ASCUS,0.059714,ASCUS,0.8839435,57.345482,173.448395,240.244598,284.646332
8272_35646,ASCUS,0.166531,ASCUS,0.99981886,1.733944,457.858215,119.204697,560.567322
9488_38686,ASCUS,0.657868,ASCUS,0.9998946,520.498535,352.424652,596.562378,474.344879
45968_33214,ASCUS,0.157877,ASCUS,0.57587904,333.505219,43.411602,524.856689,159.379684
41104_24702,ASCUS,0.989084,ASCUS,0.9387811,4.486908,332.866425,195.583389,492.971222
12528_11326,ASCUS,0.530579,ASCUS,0.9824002,180.526367,93.104546,247.332886,252.749634
26512_3422,ASCUS,0.343261,ASCUS,0.5054474,389.582367,7.834816,532.537598,161.422943
28944_28350,ASCUS,0.070822,ASCUS,0.9998679,15.159870,469.785095,89.546478,598.194885
35632_27134,ASCUS,0.373496,ASCUS,0.5410827,32.501991,219.104706,233.621460,381.975189
24080_45374,ASCUS,0.775879,ASCUS,0.8048702,40.892014,241.363586,241.679337,392.049500
11920_38078,ASCUS,0.783828,ASCUS,0.8381322,4.349686,417.206787,182.157288,568.326782
24080_6462,ASCUS,0.089779,ASCUS,0.948504,364.707672,132.731934,461.891388,260.833069
26512_11934,ASCUS,0.298478,ASCUS,0.6597095,233.307312,191.582703,368.939636,347.518250
11920_34430,ASCUS,0.276643,ASCUS,0.98142046,217.674561,85.910995,415.479980,227.438980
22256_43550,ASCUS,0.478301,ASCUS,0.97166926,252.520294,450.626923,429.239716,583.370728
11920_22878,ASCUS,0.092180,ASCUS,0.7245102,9.882759,333.839722,159.656860,446.526733
27728_2814,ASCUS,0.788116,ASCUS,0.514136,66.554390,283.009155,217.749237,462.145020
21648_19230,HSIL,0.064780,HSIL,0.9834722,29.038967,356.548798,94.703903,407.201813
38672_9502,ASCUS,0.400296,ASCUS,0.9370689,1.000000,161.356567,86.446793,330.084045
46576_38686,ASCUS,0.225653,ASCUS,0.5147638,396.288696,105.300133,589.469360,241.757782
5840_35646,ASCUS,0.628270,ASCUS,0.9874615,189.166870,569.700012,283.966003,608.000000
30160_12542,ASCUS,0.569663,ASCUS,0.96984273,475.517487,126.494385,607.087036,234.281677
34416_5246,ASCUS,0.099957,ASCUS,0.98091495,143.620850,1.000000,313.967163,71.735451
14352_28958,ASCUS,0.799563,ASCUS,0.8878448,216.604614,527.008362,277.346466,600.233215
39280_35038,ASCUS,0.112565,ASCUS,0.9565781,322.222260,465.550354,438.277496,598.923279
20432_33822,ASCUS,0.771218,ASCUS,0.8800038,471.884613,213.177567,608.000000,357.346863
45360_45982,ASCUS,0.503686,ASCUS,0.970385,77.931496,138.531952,173.011017,256.712219
38064_47806,ASCUS,0.109488,ASCUS,0.99926704,279.450623,292.897186,538.586243,491.134918
38064_16190,ASCUS,0.986796,ASCUS,0.9777077,169.926910,422.666779,304.743958,595.999023
23472_21662,ASCUS,0.955721,ASCUS,0.99967635,195.582916,142.761993,341.337982,255.293549
41712_25310,ASCUS,0.194254,ASCUS,0.9996232,16.949314,135.233902,121.530457,241.215500
33200_38078,ASCUS,0.993445,ASCUS,0.99897265,251.025970,467.614044,414.313690,534.818359
27728_16190,ASCUS,0.399881,ASCUS,0.99489164,349.246521,171.189056,508.617188,237.301605
27728_16190,ASCUS,0.115845,ASCUS,0.9582542,26.947800,19.262035,96.350281,101.075958
13744_16190,ASCH,0.824855,ASCH,0.5494429,165.003677,87.050369,306.341064,471.624878
28944_27134,ASCUS,0.050349,ASCUS,0.7234671,98.065842,37.348228,198.607407,197.375031
5232_28958,ASCUS,0.264866,ASCUS,0.91841006,114.295532,193.487122,213.044983,462.580750
13136_10110,ASCUS,0.505974,ASCUS,0.63805723,252.397980,8.594456,366.226166,125.284882
36240_48414,ASCUS,0.999844,ASCUS,0.9875158,405.975677,130.122543,517.438110,261.872864
42320_11326,ASCUS,0.982638,ASCUS,0.9965808,126.312653,485.681213,220.716858,608.000000
14960_25918,ASCUS,0.128409,ASCUS,0.992963,198.411438,306.168243,260.382690,391.224091
14960_25918,ASCUS,0.055099,ASCUS,0.9147351,174.548096,374.744110,234.648743,451.601898
36240_8286,ASCUS,0.226101,ASCUS,0.7093191,147.453308,253.723022,296.240814,412.717285
15568_49022,ASCUS,0.692833,ASCUS,0.50301015,366.050415,407.130798,539.072266,532.134460
41712_8894,ASCUS,0.503171,ASCUS,0.8462377,506.334839,367.269653,605.531494,555.835693
36240_19230,ASCUS,0.995826,ASCUS,0.53739166,52.581230,430.049408,308.054138,521.603577
52048_26526,ASCUS,0.736108,ASCUS,0.8919048,158.012512,175.460266,251.690491,248.616669
27728_7070,ASCUS,0.540346,ASCUS,0.99277544,67.339470,240.740570,213.603241,410.580963
23472_13758,ASCUS,0.102526,ASCUS,0.98124653,298.807953,258.134033,382.324127,330.037231
7056_13758,ASCUS,0.861399,ASCUS,0.9331852,501.924255,387.318695,597.090637,536.269409
42928_10718,ASCUS,0.134601,ASCUS,0.97549427,351.621887,119.878166,461.412537,338.669891
52656_28350,ASCUS,0.893103,ASCUS,0.8507223,3.748100,390.098694,164.355927,564.167786
52656_28350,ASCUS,0.099592,ASCUS,0.97902644,188.305328,395.133667,350.530914,527.448120
52656_28350,ASCUS,0.825362,ASCUS,0.96402097,22.149719,298.123779,229.209854,401.545227
38672_16190,ASCUS,0.996378,ASCUS,0.9995516,365.284637,359.846649,462.374664,485.390045
38672_16190,ASCUS,0.141563,ASCUS,0.9204755,80.069489,436.962067,168.337189,597.358459
14352_49630,LSIL,0.015371,HSIL,0.878136,1.000000,1.000000,608.000000,608.000000
29552_41726,ASCUS,0.726343,ASCUS,0.5121325,228.509918,19.508141,423.950043,226.721558
9488_17406,ASCUS,0.150483,ASCUS,0.9507667,457.885040,272.342896,560.894348,358.538513
29552_10718,ASCUS,0.989820,ASCUS,0.52960277,76.794182,152.817596,238.439209,243.534698
13136_47806,ASCUS,0.321132,ASCUS,0.7485481,344.051575,227.967407,417.780518,422.697388
48400_18622,ASCUS,0.508501,ASCUS,0.5953809,373.614594,241.412140,580.063721,391.692352
7664_16190,ASCUS,0.199242,ASCUS,0.9179359,389.294220,42.483482,487.767120,175.338440
16176_15582,ASCUS,0.769858,ASCUS,0.99989164,466.834381,204.276367,549.370728,351.609497
47792_32606,ASCUS,0.655645,ASCUS,0.58299756,10.516445,349.480164,126.278412,442.645020
17392_24094,ASCUS,0.111009,ASCUS,0.9858891,178.195251,46.912136,392.019287,138.725693
27728_25310,ASCUS,0.338657,ASCUS,0.9898573,2.537331,396.308380,149.057404,608.000000
42928_30174,ASCUS,0.988132,ASCUS,0.98900884,351.190735,99.922050,475.429504,197.895386
36848_45982,ASCUS,0.449582,ASCUS,0.92886084,87.537369,351.286926,196.210953,522.985535
36848_45982,ASCUS,0.094870,ASCUS,0.72418284,187.415741,363.101501,285.590546,496.154480
5840_21054,ASCUS,0.999656,ASCUS,0.9897064,72.283585,72.245766,164.023422,257.230896
50832_21662,ASCUS,0.944760,ASCUS,0.98702675,127.792389,310.209564,283.711761,514.811768
50832_35038,ASCUS,0.998528,ASCUS,0.9993337,373.994568,164.147308,451.240173,389.910980
36240_23486,ASCUS,0.651332,ASCUS,0.99761873,449.391846,340.463379,584.906738,516.960449
14352_16190,ASCUS,0.109976,ASCUS,0.9671387,6.408581,296.828247,102.141006,434.042053
8880_12542,ASCUS,0.995974,ASCUS,0.99683326,222.082184,54.417900,360.727203,210.869476
31984_21662,ASCUS,0.146066,ASCUS,0.99972564,402.485596,355.272339,599.056824,456.398987
41104_25310,ASCUS,0.158475,ASCUS,0.9640929,197.802856,295.534241,275.744415,467.064819
12528_16190,ASCUS,0.997738,ASCUS,0.7148494,321.553650,145.962982,404.872803,344.872040
16176_18622,ASCUS,0.931750,ASCUS,0.99878865,211.477081,231.605484,310.249054,292.845123
22256_19230,ASCUS,0.278265,ASCUS,0.99477094,311.195312,155.931702,417.498169,286.904236
35024_27742,ASCUS,0.573367,ASCUS,0.7002601,317.956909,476.853973,491.475830,604.233643
7664_13150,ASCUS,0.484823,ASCUS,0.96376616,375.994781,368.616119,530.017639,505.955841
7664_13150,ASCUS,0.131583,ASCUS,0.9992592,389.023590,442.738312,564.966003,574.611511
28944_33822,ASCUS,0.754944,ASCUS,0.98424464,383.288025,274.732880,506.439880,408.240631
7664_20446,ASCUS,0.871885,ASCUS,0.99999857,246.894547,522.672913,449.432800,607.451233
21648_8894,ASCUS,0.992940,ASCUS,0.9728635,60.615379,103.443344,175.348114,229.789444
18608_50846,ASCUS,0.090588,ASCUS,0.47386846,493.896637,474.413239,571.855835,544.587341
28336_22270,ASCUS,0.956393,ASCUS,0.7970548,500.058075,464.560638,563.234070,557.208496
12528_7678,ASCUS,0.159389,ASCUS,0.4499529,34.723106,459.526764,215.361755,591.368164
25904_10110,ASCUS,0.998263,ASCUS,0.9822433,344.451233,257.826508,436.517700,372.962067
25904_10110,ASCUS,0.477949,ASCUS,0.9981894,217.983582,520.145508,273.831818,592.877319
12528_28350,ASCUS,0.635924,ASCUS,0.99980086,397.985504,254.852646,457.735748,326.306671
38064_12542,ASCUS,0.395686,ASCUS,0.8975224,22.193195,23.190460,112.272400,165.973923
29552_21662,ASCUS,0.423401,ASCUS,0.99999917,21.100296,10.202370,113.593079,109.948807
49008_19838,ASCUS,0.996467,ASCUS,0.6652182,144.393829,382.497406,298.992462,537.377563
39280_38686,ASCUS,0.225317,ASCUS,0.9564175,188.245392,307.615265,350.676239,471.186798
49008_30174,ASCUS,0.338007,ASCUS,0.7432662,401.637207,189.186661,521.315063,316.327332
49616_37470,ASCUS,0.024678,ASCUS,0.98109114,120.341957,51.510090,177.165833,119.135056
27728_40510,ASCUS,0.561405,ASCUS,0.9444562,486.836792,124.845970,608.000000,253.131836
15568_5854,ASCUS,0.523721,ASCUS,0.69390625,398.827728,296.419617,525.620605,481.505859
22256_8286,ASCUS,0.993562,ASCUS,0.7558577,357.832092,306.508972,563.673889,406.583069
22256_8286,ASCUS,0.676328,ASCUS,0.6737059,175.136765,246.650040,269.892456,434.949463
9488_40510,ASCUS,0.303728,ASCUS,0.86172646,322.834412,328.808411,408.722900,529.364563
39280_11326,ASCUS,0.711331,ASCUS,0.5196923,31.864990,3.463837,232.770996,135.470337
47792_19838,ASCUS,0.997263,ASCUS,0.9988049,446.453674,334.023987,571.424744,475.136780
42928_40510,ASCUS,0.999326,ASCUS,0.86670434,191.018158,347.057434,312.829132,526.720276
11312_19838,ASCUS,0.031626,ASCUS,0.97672266,211.219421,94.543091,352.444824,373.453308
41104_44766,ASCUS,0.180193,ASCUS,0.91305035,287.732605,430.646332,474.722473,586.841797
14960_21662,ASCUS,0.998049,ASCUS,0.99701774,211.838013,163.978607,294.838013,276.779816
6448_35646,ASCUS,0.119796,ASCUS,0.99747854,215.430832,187.601288,291.774536,335.060638
36848_8894,ASCUS,0.059284,ASCUS,0.9999286,359.431793,450.722473,435.546783,582.357483
29552_36862,ASCUS,0.991427,ASCUS,0.92757183,198.128082,270.661316,339.757904,395.122070
15568_17406,ASCUS,0.050721,ASCUS,0.9997919,342.811615,1.263157,483.280792,76.874832
30768_6462,ASCUS,0.007694,ASCUS,0.7572115,38.014374,346.286591,114.203018,417.471222
30768_6462,ASCUS,0.992835,ASCUS,0.7536903,80.967743,241.674255,264.141083,394.797058
25904_30782,ASCUS,0.869129,ASCUS,0.8036728,271.972321,138.028519,342.791840,220.035629
47184_35646,ASCUS,0.805987,ASCUS,0.9976841,460.211273,505.477692,530.312683,593.061462
14960_27134,ASCUS,0.969086,ASCUS,0.85199314,471.334198,46.506760,596.315613,235.682510
24080_38078,ASCUS,0.207656,ASCUS,0.99757916,235.159836,424.933319,337.313446,514.181274
11312_36862,ASCUS,0.748010,ASCUS,0.81315035,6.128887,118.697891,98.226562,291.532288
44144_37470,ASCUS,0.690556,ASCUS,0.8252738,48.180634,297.729126,257.651550,523.302185
25904_13758,ASCUS,0.072419,ASCUS,0.76066387,137.993073,209.500641,241.258209,327.754303
2800_29566,ASCUS,0.878920,ASCUS,0.99825376,27.734612,296.667511,94.181175,433.289764
26512_36862,ASCUS,0.104177,ASCUS,0.9937239,277.852539,326.212311,418.916443,499.027740
14960_7678,ASCUS,0.826005,ASCUS,0.96894497,26.832817,340.812622,110.117180,417.045898
21040_14366,ASCUS,0.053221,ASCUS,0.9270815,111.445412,52.323540,202.879395,213.895721
38064_34430,ASCUS,0.055886,ASCUS,0.9361031,339.521423,537.249939,435.968079,608.000000
21040_13758,ASCUS,0.243176,ASCUS,0.9420589,327.217682,200.533508,499.244781,323.090271
49616_39294,ASCUS,0.966673,ASCUS,0.9995641,188.638962,521.019958,301.616699,608.000000
27120_27134,ASCUS,0.602343,ASCUS,0.87456864,145.921967,176.623352,265.682800,313.466675
16176_14974,ASCUS,0.248434,ASCUS,0.9554798,107.583054,323.421143,198.858749,520.681519
25296_21662,ASCUS,0.990491,ASCUS,0.8746679,88.630363,45.468407,288.924316,188.674530
24688_38686,ASCUS,0.330620,ASCUS,0.9994505,274.004761,1.000000,341.594055,90.349823
39280_30174,ASCUS,0.231775,ASCUS,0.9992105,219.076263,317.279480,301.522064,445.319946
14960_43550,ASCUS,0.097979,ASCUS,0.7220015,147.862320,503.208618,198.437820,544.461304
14960_43550,ASCUS,0.016330,ASCUS,0.9997496,163.146652,491.480011,228.667740,542.997986
46576_11326,LSIL,0.071502,LSIL,0.85745424,140.970825,120.236969,239.605225,468.946625
29552_44158,ASCUS,0.930561,ASCUS,0.9919224,416.693726,478.108337,583.794373,589.201599
37456_14974,ASCUS,0.176904,ASCUS,0.9935587,533.170471,77.566628,608.000000,137.688080
36240_50846,ASCUS,0.129656,ASCUS,0.8541693,326.575775,22.125576,435.647003,148.862213
28336_33822,ASCUS,0.213775,ASCUS,0.98566115,353.263519,86.796532,519.469727,226.908295
27728_4638,ASCUS,0.071515,ASCUS,0.96478325,118.228790,173.941833,309.004120,332.709137
27728_41726,ASCUS,0.050390,ASCUS,0.9167573,402.469910,337.032471,519.229370,456.703613
35024_34430,ASCUS,0.073735,ASCUS,0.92506963,360.878723,533.683044,434.697693,598.046570
49008_38686,ASCUS,0.742937,ASCUS,0.99339867,166.930878,154.370789,339.862732,287.745117
27120_42334,ASCUS,0.995485,ASCUS,0.576969,5.115150,198.582092,181.901154,340.220398
36848_40510,ASCUS,0.277780,ASCUS,0.6381855,364.392517,115.737663,540.781372,245.350403
21040_7070,ASCUS,0.056212,ASCUS,0.97072697,196.067078,485.887024,390.191589,608.000000
17392_36254,ASCUS,0.286559,ASCUS,0.9994912,480.772308,334.913696,525.763733,458.243896
35632_44766,ASCUS,0.241876,ASCUS,0.9523038,181.621170,324.934845,272.333252,404.502533
31984_7070,ASCUS,0.080016,ASCUS,0.79767114,1.000000,363.991974,69.673996,528.082520
22864_35038,ASCUS,0.125357,ASCUS,0.7310851,20.941872,16.277649,117.636421,185.534302
45360_23486,ASCUS,0.175956,ASCUS,0.9294198,185.489990,475.619629,384.256897,607.533203
50832_35646,ASCUS,0.096226,ASCUS,0.94297653,5.231750,214.633759,82.863792,418.955353
38672_44766,ASCUS,0.104467,ASCUS,0.687388,8.589355,367.207611,75.986755,608.000000
25904_33822,ASCUS,0.115577,ASCUS,0.9951721,341.503326,535.742249,451.682526,608.000000
47792_36254,ASCUS,0.901575,ASCUS,0.9804467,281.886047,284.111389,401.426758,383.125793
47792_36254,ASCUS,0.645464,ASCUS,0.99996984,362.749420,355.990326,464.422394,455.706329
47792_36254,ASCUS,0.588451,ASCUS,0.9779267,243.184723,333.975342,359.039642,413.380127
50224_23486,ASCH,0.504668,HSIL,0.53276265,1.000000,8.138748,430.455566,468.745728
8880_36254,ASCUS,0.861000,ASCUS,0.78001463,152.811005,321.494629,368.123749,422.699158
25904_38078,ASCUS,0.319965,ASCUS,0.63293916,360.429840,303.777710,479.959991,441.980042
30160_18622,ASCUS,0.897048,ASCUS,0.7098915,10.387978,337.202698,223.104675,457.414001
30160_18622,ASCUS,0.401265,ASCUS,0.9068833,327.163635,76.852394,398.908386,271.131592
35024_31390,ASCUS,0.105643,ASCUS,0.91541564,387.414795,385.651154,582.479614,503.574982
13136_44766,ASCUS,0.989829,ASCUS,0.9999548,342.638123,39.441532,422.767395,148.536102
24080_25310,ASCUS,0.893626,ASCUS,0.98467976,358.422791,227.475433,451.576233,290.254303
36240_37470,ASCUS,0.446090,ASCUS,0.8640601,228.249084,451.443451,358.297180,548.663513
38672_32606,ASCUS,0.697481,ASCUS,0.66393566,440.643616,262.464325,607.703430,418.282318
49008_22878,ASCUS,0.096228,ASCUS,0.99439865,393.033997,186.323486,576.043945,268.417816
7664_38686,ASCUS,0.148296,ASCUS,0.9990319,111.926376,127.765045,187.627243,284.018005
18608_10718,ASCUS,0.133502,ASCUS,0.9237502,364.444611,485.573059,445.693146,564.208069
42928_24094,ASCUS,0.793357,ASCUS,0.74857074,368.037842,126.246429,585.891541,232.967957
11312_22270,ASCUS,0.862597,ASCUS,0.9995653,61.450928,487.407166,141.784454,560.417175
15568_32606,ASCUS,0.153419,ASCUS,0.6634211,49.289169,182.371414,253.696243,442.038513
21040_52062,ASCUS,0.959888,ASCUS,0.8052545,153.502426,45.594460,352.399170,172.178741
24688_47198,ASCUS,0.250873,ASCUS,0.96291465,165.590149,83.300270,277.117889,138.376068
7664_31998,ASCUS,0.459855,ASCUS,0.5702832,287.694611,204.918304,403.157928,425.796967
26512_20446,ASCUS,0.106203,ASCUS,0.9969829,387.501160,145.382431,535.238892,297.204041
39888_22270,ASCUS,0.601879,ASCUS,0.9662773,379.915497,12.433918,464.225006,110.757904
10704_41726,ASCUS,0.470444,ASCUS,0.9949662,124.158569,447.899841,301.325287,587.590027
14352_22270,ASCUS,0.905342,ASCUS,0.7259052,369.401031,392.394775,537.664551,530.326050
